citylist,city,state_id,state_name,county_name,population,median age,family_size,income_individual_median,unemployment rate,2019 job opportunity,poverty rate, median_house_sale_price,summer high,summer high (f),winter low,winter low (F),avg. rainfall per year (mm),avg. snow per year (mm),Average sunny per year (day),school_record,"expend, per student",commute time (min),air quality,household,GDP,Median household income growth percentage,Grocery Index,Housing Index,Utilities index,Healthcare index,Good&service index,density,Violent crime per 1000,Murder per 1000,rape per 1000,Robbery per 1000,Aggravated assault per 1000,Property crime per 1000,Burglary per 1000,Larceny-theft per 1000,Motor vehicle theft per 1000,Arson per 1000,Violent crime,Murder ,Rape,Robbery,Aggravated assault,Property crime,Burglary,Larceny-theft,Motor vehicle theft,Arson2,income_household_median,six figure household percentage,home_value,2019 population growth rate,summer avg temp F,winter avg temp F
Abilene TX,Abilene,TX,Texas,Taylor,123420,31.6,3.19,25671,3.6,66510,16.5,207000,34.8,87.7,4.1,38.6,401,59,247.1,37,8669.0,15.3,,0.53%,3.83,-4.07%,97.5,81.5,115.1,101.7,97.9,446,4.83,0.07,0.79,0.85,3.12,28.80,5.99,20.91,1.90,0.02,591,8,97,104,382,3528,734,2561,233,3,50659,19.7,118441,0.53%,84.3,50.4
Akron OH,Akron,OH,Ohio,Suit,565208,36.9,3.05,23320,8.1,329610,23.5,130000,26.7,74.8,-5.3,23.5,821,688,124.7,73,13221.5,21.7,42,-0.15%,-4.06,-6.06%,79.5,81.7,80.6,82.4,80.6,1231,8.62,0.19,1.12,1.96,5.35,36.21,8.80,23.78,3.63,0.41,1704,38,221,387,1058,7159,1740,4701,718,82,38739,11.8,81935,-0.15%,70.1,32.8
Albany GA,Albany,GA,Georgia,Dougherty,89217,34.3,3.22,20954,13.7,59000,30.8,154000,31.7,82.8,6.7,42.8,664,2,209.8,21,14047.0,17.8,37,-1.49%,-10.48,-4.75%,79.8,85.3,81.3,79.7,80.9,1740,11.14,0.21,0.39,1.56,9.00,51.02,10.47,36.72,3.83,0.36,809,15,28,113,653,3704,760,2666,278,26,36615,11.5,100932,-1.49%,80.8,53.7
Albany NY,Albany,NY,New York,Albany,586383,30.9,3.11,25436,7,452910,22.9,227500,25.9,73.4,-6.9,21.0,788,691,158.1,36,26698.0,19,39,-0.57%,-3.67,-2.05%,78.6,76.2,80.2,78.9,78.3,1740,8.37,0.12,0.53,2.13,5.59,32.01,4.39,26.29,1.32,0.21,823,12,52,209,550,3147,432,2585,130,21,45825,20.2,178294,-0.57%,67.9,30.3
Albuquerque NM,Albuquerque,NM,New Mexico,Bernalillo,761195,36.6,3.23,29538,5.6,392110,16.9,280000,30.5,80.8,-2.0,28.8,209,203,239.4,1,10228.0,21.8,54,0.16%,-2.81,2.25%,79,81.8,81.3,79.6,80.3,1155,,,,,,,,,,,,,,,,,,,,,52911,22.7,198035,0.16%,75.4,38.6
Alexandria LA,Alexandria,LA,Louisiana,Rapides,80129,38.6,3.2,22383,9,60380,24.4,,33.6,85.7,6.3,42.0,900,16,174.5,27,5486.5,19.2,26,-0.82%,-4.84,6.05%,81.2,82.1,79.3,78.7,81,4121,14.50,0.25,0.36,2.71,11.18,84.11,21.08,57.03,5.99,,685,12,17,128,528,3973,996,2694,283,,43497,19,140858,-0.82%,82.4,52.5
Alexandria VA,Alexandria,VA,Virginia,Alexandria,159428,36.8,3.02,59419,3,,10.3,,29.7,79.5,-0.8,30.8,779,192,181.2,64,18239.0,31.9,,0.23%,,-1.74%,116.3,237.8,92.6,105.6,107.4,4121,1.60,0.02,0.15,0.48,0.95,15.27,0.79,12.10,2.38,0.03,260,4,24,78,154,2482,128,1967,387,5,100939,50.4,572182,0.23%,76.2,40.6
Allentown PA,Allentown,PA,Pennsylvania,Lehigh,683794,31.6,3.35,21458,10,,25.7,185000,27.1,75.4,-4.1,25.4,692,351,188.4,36,15847.8,23,39,-0.08%,-2.54,0.68%,80.3,76.6,79.1,79.8,80,2672,3.38,0.09,0.40,1.50,1.39,23.17,3.80,17.25,2.12,0.07,412,11,49,183,169,2821,463,2100,258,9,41167,12.5,131761,-0.08%,70.9,35
Amarillo TX,Amarillo,TX,Texas,Potter,205603,34.2,3.24,29382,3.6,116150,15.1,,33.4,85.4,-0.2,31.7,248,114,253.5,74,8635.0,18.2,44,0.09%,-0.31,3.20%,94.6,69.2,93.7,94.6,91.7,756,8.07,0.06,0.99,1.52,5.50,41.94,7.59,29.82,4.53,0.18,1622,12,199,305,1106,8433,1527,5996,910,36,52725,20.8,130443,0.09%,81,43.8
Ames IA,Ames,IA,Iowa,Story,67910,23.3,2.76,17161,5.8,44900,28,240000,26.7,74.8,-8.2,18.9,698,392,185.6,8,13222.0,16.4,,0.39%,-0.77,-9.66%,80.8,80.7,82,80,79.9,935,,,,,,,,,,,,,,,,,,,,,48105,21.4,204542,0.39%,71.5,28.6
Anchorage AK,Anchorage,AK,Alaska,Anchorage,288000,33.6,3.27,38390,5.7,174500,9,356000,15.5,56.7,-9.4,16.9,320,597,169.6,83,35176.3,18.9,25,-0.87%,-3.94,9.24%,73.2,71.5,75.4,71.1,75.9,65,13.10,0.09,2.10,2.46,8.45,49.28,7.08,32.53,9.67,0.20,3824,26,613,717,2468,14389,2068,9498,2823,58,84928,42.2,313091,-0.87%,54.7,20.6
Anderson SC,Anderson,SC,South Carolina,Anderson,78512,37.3,3.04,22017,6.4,418430,22.4,230500,31.9,83.1,2.7,36.4,483,20,207.7,29,10358.0,18.8,,1.00%,-4.26,,80.1,85.4,81.3,80.6,79.9,508,,,,,,,,,,,,,,,,,,,,,33351,13.9,135968,1.00%,78.8,46.7
Anniston AL,Anniston,AL,`,Calhoun,73501,40.8,2.87,21116,10.1,43990,26.6,,31.3,82.1,3.0,36.8,511,28,188.4,16,12074.0,24.9,,-1.05%,-1.67,-8.94%,82.1,87.3,73.7,84.2,82,179,29.92,0.32,1.99,3.15,24.45,78.55,19.13,52.38,7.04,,646,7,43,68,528,1696,413,1131,152,,36051,15.9,102476,-1.05%,78.2,47
Ardmore OK,Ardmore,OK,Oklahoma,Carter,24698,37.2,3.25,25913,6.4,,18.2,184000,33.5,85.6,2.8,36.5,612,56,220.3,17,8132.0,15.7,43,-0.32%,-1.36,-0.02%,79.4,84.3,80.5,81.4,80.5,190,6.41,,0.77,0.69,4.96,43.64,9.23,31.39,3.02,0.08,159,,19,17,123,1083,229,779,75,2,47860,16.6,112806,-0.32%,82.5,47.1
Arlington VA,Arlington,VA,Virginia,Arlington,233464,34.7,2.97,70148,2.7,,6.8,619000,29.7,79.6,-0.8,30.8,664,160,191.3,54,22755.0,29.2,,0.72%,-0.59,-1.74%,124.5,250,92.3,99.7,118.3,1607,,,,,,,,,,,,,,,,,,,,,120071,58.5,705328,0.72%,76.3,40.5
Asheville NC,Asheville,NC,North Carolina,Buncombe,312507,39,2.96,28385,2.8,198430,13.8,430000,28.2,77.1,-0.5,31.1,765,299,189.9,33,8966.0,17.9,38,0.26%,,3.23%,80.6,80.9,80.7,77.9,80.3,786,,,,,,,,,,,,,,,,,,,,,49930,21,270442,0.26%,71.6,41.1
Ashland OH,Ashland,OH,Ohio,Ashland,20275,35.9,2.99,22544,3,,13,107500,25.7,73.2,-5.3,23.5,715,465,133.4,17,10379.0,17.1,,-0.65%,-1.31,,79.4,88.3,81.1,82.8,80.8,5132,0.98,,0.44,0.05,0.49,18.05,2.74,14.92,0.39,0.10,20,,9,1,10,369,56,305,8,2,47869,15.6,109917,-0.65%,69.3,32.6
Atlanta GA,Atlanta,GA,Georgia,Fulton,5449398,33.3,3.27,34218,6.4,2743550,20.8,360000,31.8,82.9,3.2,37.1,374,15,204.9,133,5045.8,27.2,44,1.73%,0.9,-2.17%,80.1,78.8,82.6,78.2,79.5,1441,7.69,0.18,0.49,2.22,4.80,46.54,6.21,33.66,6.67,0.18,3814,88,245,1099,2382,23091,3082,16701,3308,90,59948,31.3,289412,1.73%,79.7,47.3
Auburn AL,Auburn,AL,Alabama,Lee,92777,24.8,3.14,20985,4.4,58450,27.3,,32.3,83.7,4.6,39.4,965,17,171.5,14,6521.0,20.2,,1.17%,5.78,-7.28%,79.3,85.2,78.2,81.9,78.2,425,3.66,0.06,0.24,0.44,2.91,21.29,1.75,18.39,1.14,,240,4,16,29,191,1396,115,1206,75,,47318,26.4,263645,1.17%,80.3,50.1
Augusta GA,Augusta,GA,Georgia,Richmond,390809,33.9,3.52,22283,9,,23.1,,32.9,84.6,5.0,39.9,783,21,182.1,44,11795.0,21.1,44,0.44%,-7.28,-1.79%,79.4,85.2,82.3,81.2,79.8,252,,,,,,,,,,,,,,,,,,,,,42592,14.2,107844,0.44%,81.9,50.4
Austin TX,Austin,TX,Texas,Travis,1687311,33.3,3.21,39418,3.7,1073340,13.2,560000,34.6,87.4,7.1,43.4,546,15.3,182.1,263,12118.0,24.5,44,1.71%,,-1.73%,88.9,100.6,96.5,104.2,102,1181,3.82,0.03,0.81,1.05,1.93,34.58,4.67,27.30,2.61,0.06,3720,32,787,1021,1880,33655,4549,26568,2538,56,71576,35.6,337187,1.71%,84.1,54.4
Bakersfield CA,Bakersfield,CA,California,Kern,579295,30.8,3.68,29612,8.4,316680,17.4,329500,34.4,87.1,5.3,40.4,182,1,300.3,147,13279.6,23,81,0.64%,-5.33,2.25%,79.5,82.8,72.2,77.9,78.9,990,4.91,0.08,0.29,2.10,2.44,41.74,10.44,24.10,7.20,0.71,1895,31,113,811,940,16097,4025,9295,2777,275,63139,29.3,245911,0.64%,78.6,52.6
Baltimore MD,Baltimore,MD,Maryland,Baltimore,2106068,35.4,3.42,school,8.3,1376070,21.2,210700,28.3,77.3,-1.1,30.3,781,154,176.8,282,8877.3,31.4,42,-1.49%,-8.25,1.35%,77.7,70.6,78.4,82,79.4,2830,18.33,0.51,0.60,8.37,8.86,44.95,9.99,27.74,7.23,0.23,11100,309,361,5066,5364,27217,6048,16794,4375,138,50379,23.2,159116,-1.49%,75.1,39.6
Baton Rouge LA,Baton Rouge,LA,Louisiana,East Baton Rouge,570308,31.5,3.5,23069,8.4,395100,24.8,260000,33.2,85.1,7.5,44.0,917,13,170.1,,12592.0,21.3,44,-0.88%,,-6.59%,78.7,81.5,82.5,77.9,78.9,983,9.20,0.35,0.33,3.23,5.28,53.23,11.95,37.05,4.23,0.68,2067,79,74,727,1187,11965,2686,8329,950,153,44470,21.1,175141,-0.88%,82.4,54.6
Beaumont TX,Beaumont,TX,Texas,Jefferson,146091,33.9,3.19,26675,4.2,160840,18.6,221000,33.5,85.5,8.4,45.5,895,5,167.6,35,10298.0,18.8,44,-0.72%,-5.91,1.11%,90.2,91.8,100,88,95.8,547,10.60,0.11,0.80,3.00,6.69,37.83,8.05,26.35,3.43,0.29,1265,13,96,358,798,4516,961,3145,410,35,50632,20.7,110538,-0.72%,83.9,55.9
Bellingham WA,Bellingham,WA,Washington,Whatcom,130641,31.5,2.88,25828,6.2,89600,20.8,569950,20.3,64.5,1.8,34.9,475,118,180.4,4,10143.0,18.5,29,2.05%,-6.57,-5.82%,108.1,126.8,87,120.7,114.5,1287,2.26,,0.38,0.59,1.30,37.09,5.09,30.17,1.83,0.06,204,,34,53,117,3346,459,2722,165,5,53396,22.3,373234,2.05%,60,40.6
Benton Harbor MI,Benton Harbor,MI,Michigan,Berrien,59216,33.7,3.21,16125,14,61470,45.4,171000,23.7,70.0,-3.9,25.8,825,312,139.3,,12212.0,15.3,,-0.64%,-2.09,-1.10%,82.4,85.9,80.8,80.9,82,858,21.66,0.31,2.75,2.85,15.76,42.90,10.27,26.84,5.80,0.41,213,3,27,28,155,422,101,264,57,4,21916,3.7,64420,-0.64%,68.8,33.5
Bethesda MD,Bethesda,MD,Maryland,Montgomery,63195,43.4,3.07,85244,3.1,,3.5,1010000,29.7,79.5,-1.2,30.1,728,213,188.6,36,16548.0,29.8,,1.20%,-4.3,,79.2,53.8,79.3,81.5,77.1,1839,,,,,,,,,,,,,,,,,,,,,164142,68.7,912654,1.20%,76.3,39.7
Birmingham AL,Birmingham,AL,Alabama,Jefferson,739573,35.9,3.12,22646,9,518210,25.9,260000,32.2,83.5,3.5,37.6,472,9,195.2,76,3456.9,21.9,48,-0.51%,-5.22,0.46%,81.6,83.3,78.7,83.6,81.8,553,19.12,0.42,0.85,4.47,13.37,63.14,12.13,42.69,8.32,0.69,4025,88,180,941,2816,13295,2555,8988,1752,145,37375,13.4,94786,-0.51%,80,47.7
Bismarck ND,Bismarck,ND,North Dakota,Burleigh,98345,37.2,2.87,38786,2.3,70680,9.2,,26.9,75.1,-13.1,11.0,381,587,184,27,12316.0,15.7,37,0.41%,-4.43,1.29%,79.2,81.8,81.3,77.3,80.7,827,2.99,0.03,0.62,0.32,2.02,27.25,3.40,21.03,2.81,0.04,223,2,46,24,151,2034,254,1570,210,3,64444,30.3,245476,0.41%,69.8,20.9
Bloomington IN,Bloomington,IN,Indiana,Monroe,115884,24,2.83,15467,6.7,70530,35.3,,28.2,77.1,-3.3,26.7,700,232,173.9,27,7360.3,16.6,39,0.72%,0.47,-2.68%,81.7,83.8,81.4,82.8,79.9,1100,5.40,0.02,0.55,0.89,3.94,26.54,5.42,19.57,1.54,,463,2,47,76,338,2275,465,1678,132,,37077,17.2,201940,0.72%,73.6,35.9
Boise ID,Boise,ID,Idaho,Ada,389280,36.6,3.13,31508,4.5,335550,13.7,501000,28.5,77.7,-4.0,25.5,383,541,209.4,93,8283.0,18.5,,0.23%,,1.85%,80.8,81.7,82.5,79.2,80,1056,2.77,0.00,0.75,0.22,1.79,20.18,2.78,16.25,1.15,0.17,635,1,173,51,410,4627,638,3725,264,40,60035,27.1,253413,0.23%,70.8,32.3
Boston MA,Boston,MA,Massachusetts,Suffolk,4688346,32.2,3.13,35312,6.6,,18.9,715000,26.0,73.6,-3.7,26.0,691,400,188.2,16,18652.6,30.9,42,0.21%,1.67,-1.80%,78.3,57.3,75.6,73.2,73.9,5532,6.22,0.08,0.40,1.69,4.06,20.16,2.67,15.83,1.66,,4324,56,278,1172,2818,14007,1853,11000,1154,,71115,37.9,532498,0.21%,70.5,35.6
Bowling Green KY,Bowling Green,KY,Kentucky,Warren,95135,27,3.1,20323,5.5,74430,24.4,,29.9,79.8,-0.1,31.8,574,83,186.8,,8559.0,18.1,38,2.78%,,0.33%,82.1,85.1,79.3,82.5,81.6,690,3.05,0.09,0.86,0.94,1.16,48.51,6.06,39.27,3.18,0.03,208,6,59,64,79,3312,414,2681,217,2,42216,15,159100,2.78%,76.2,41.2
Bozeman MT,Bozeman,MT,Montana,Gallatin,57695,27.8,2.8,24703,3.2,,17.8,,22.7,68.3,-11.5,13.5,588,2314,140.4,33,12812.0,14.4,22,2.88%,3.89,,78.9,78,82.7,78.9,79.1,945,2.16,,0.67,0.15,1.35,18.40,1.04,16.17,1.19,0.12,104,,32,7,65,885,50,778,57,6,55569,25.5,365730,2.88%,58.8,21.3
Buffalo NY,Buffalo,NY,New York,Erie,914341,33.1,3.07,23316,7.1,550890,30.1,212000,25.1,72.2,-5.3,23.5,715,786,122,86,27140.0,21,37,-0.19%,-7.28,-1.46%,81.1,81.5,81.3,83.1,80.7,2441,10.43,0.22,0.65,3.51,6.05,38.15,8.79,25.97,3.38,0.61,2692,57,167,907,1561,9852,2271,6707,874,157,37354,14.5,94145,-0.19%,69,32.1
Bullhead City AZ,Bullhead City,AZ,Arizona,Mohave,50309,51.9,2.83,22613,8.5,,18.4,,37.5,92.0,7.1,43.4,107,0,304,,5889.0,21.6,,1.28%,-1.68,,79.8,83.5,82.3,81.3,82.3,265,3.69,0.02,0.50,0.84,2.33,35.78,8.97,23.42,3.39,0.10,149,1,20,34,94,1444,362,945,137,4,41507,10.9,138414,1.28%,89.2,53.7
Burlington IA,Burlington,IA,Iowa,Des Moines,28474,42.5,2.79,28278,6.3,,20.7,,27.5,76.0,-5.8,22.7,677,299,189.6,7,11951.0,15.6,,-0.51%,,-3.07%,81,87.4,78.8,80.3,82.8,707,,,,,,,,,,,,,,,,,,,,,47540,15.1,92484,-0.51%,72.9,32
Burlington NC,Burlington,NC,North Carolina,Alamance,131043,38.9,3.05,26053,6.6,62130,20.3,231000,30.9,81.4,1.0,33.7,809,164,183.7,15,8021.0,21.1,,1.29%,-1.26,2.04%,81.3,85.5,81.2,79.6,80.4,707,,,,,,,,,,,,,,,,,,,,,43225,17,132279,1.29%,77.3,44
Burlington VT,Burlington,VT,Vermont,Chittenden,109763,26.8,2.89,20131,4.3,122280,26.4,425000,24.1,70.6,-9.2,17.3,432,575,138,10,10882.5,18.6,36,0.29%,-3.51,7.34%,,,,,,707,2.72,0.02,0.52,0.24,1.94,19.83,2.84,16.68,0.31,0.07,115,1,22,10,82,837,120,704,13,3,51394,23.3,284213,0.29%,65.2,26.5
Cape Coral FL,Cape Coral,FL,Florida,Lee,668382,46.7,3.31,30000,6,270210,10.4,349000,,,,,,,,,9794.0,28.3,36,2.65%,2.85,0.22%,79,82.8,80,79.5,81.6,708,1.42,0.02,0.09,0.27,1.04,14.38,2.20,11.23,0.95,0.01,267,3,17,51,196,2701,413,2110,178,2,61599,24.4,229883,2.65%,,
Cedar City UT,Cedar City,UT,Utah,Iron,39995,26.2,3.31,24249,4.7,,20.3,395000,27.0,75.3,-5.6,23.0,234,460,235.6,,7467.0,14,40,5.36%,-0.99,,93.7,74.2,99.2,84.7,91.1,374,2.17,0.03,0.25,0.06,1.83,23.29,3.69,17.71,1.89,0.12,70,1,8,2,59,751,119,571,61,4,48346,16.6,213562,5.36%,68.4,32.1
Cedar Rapids IA,Cedar Rapids,IA,Iowa,Linn,188038,36.3,3.03,32284,4,143820,12.5,,26.4,74.2,-7.7,19.6,465,214,197.7,,14415.0,17.6,40,0.26%,,-3.07%,80.9,83.1,78.2,80.9,80.8,720,,,,,,,,,,,,,,,,,,,,,58511,24,141419,0.26%,71.1,28.9
Champaign IL,Champaign,IL,Illinois,Champaign,159443,27.4,3.11,26232,4.6,101140,25,195000,27.0,75.2,-4.4,25.0,461,150,188,21,3833.2,15.4,39,1.04%,-4.49,,81.6,85,78.7,80.6,81.8,1503,6.82,0.08,0.82,0.94,4.98,22.62,3.12,18.53,0.96,0.11,602,7,72,83,440,1998,276,1637,85,10,48415,22,161867,1.04%,72.4,33.8
Chapel Hill NC,Chapel Hill,NC,North Carolina,Orange,64051,25.8,3.07,23677,3.4,314220,19.5,534920,31.2,81.9,1.5,34.5,361,38,210.8,,13130.0,19.8,,1.08%,-3.91,-6.33%,82.5,81.2,81.8,80.5,81,1148,,,,,,,,,,,,,,,,,,,,,73614,41.1,399755,1.08%,78.1,44.8
Charleston SC,Charleston,SC,South Carolina,Charleston,628377,34.8,2.97,37962,3.4,359310,13.2,421381,30.6,81.0,8.4,45.4,1065,4,160.7,32,15039.0,22.8,35,1.07%,-3.58,-2.72%,81,81.1,74.6,78.7,79.3,480,3.03,0.07,0.42,0.65,1.89,20.77,2.63,15.78,2.37,0.06,415,10,57,89,259,2848,360,2163,325,8,68438,33.6,330364,1.07%,81.7,55.1
Charlotte NC,Charlotte,NC,North Carolina,Mecklenburg,1512923,34.2,3.32,33990,5,,12.8,353000,31.6,82.6,2.2,35.6,520,55,194.8,175,8932.0,25.9,42,1.51%,2.39,0.18%,80.1,83,81.2,78.5,78.8,1113,,,,,,,,,,,,,,,,,,,,,62817,30.1,220191,1.51%,78.8,45.8
Chattanooga TN,Chattanooga,TN,Tennessee,Hamilton,415501,37.5,3.11,26207,6.1,,17.6,265000,30.5,80.9,1.1,33.8,1045,106,166.3,47,10050.0,19.4,40,0.48%,-1.5,-5.40%,96.9,103.6,89.9,100.2,93.4,493,10.48,0.11,0.83,1.72,7.83,60.59,7.99,44.71,7.89,0.10,1891,19,149,310,1413,10930,1441,8065,1424,18,45527,19.1,167414,0.48%,76.3,43.5
Chicago IL,Chicago,IL,Illinois,Cook,8604203,34.6,3.42,31613,8.1,,18.4,340000,24.0,70.3,-4.5,24.7,939,353,145.6,2,2836.1,35.1,56,-0.28%,-6.13,-1.41%,79.5,68.6,81.4,79.6,77.5,4574,10.06,0.21,0.66,3.56,5.63,31.82,4.30,23.79,3.73,0.16,27357,563,1798,9684,15312,86513,11686,64695,10132,438,58247,29.5,258430,-0.28%,70.2,32.8
Cincinnati OH,Cincinnati,OH,Ohio,Hamilton,1662691,32.2,2.99,25846,8,,26.3,220000,28.5,77.7,-2.8,27.6,702,174,182.4,170,11068.3,23.2,50,0.55%,-4.87,-0.16%,81.3,83.7,81,80,78.9,1507,,,,,,,,,,,,,,,,,,,,,40640,18.1,137428,0.55%,73.8,36.7
Cleveland OH,Cleveland,OH,Ohio,Cuyahoga,1710093,36.3,3.13,20407,13.2,1047350,32.7,125000,24.6,71.4,-4.0,25.5,443,277,143.8,159,12296.2,24,48,-0.58%,-4.02,1.45%,77.6,83.1,80.1,79.8,79.5,1893,14.50,0.22,1.20,4.61,8.47,44.12,12.11,24.29,7.72,0.43,5576,86,461,1772,3257,16970,4658,9342,2970,165,30907,9.1,69699,-0.58%,70,34.2
Colorado Springs CO,Colorado Springs,CO,Colorado,El Paso,642413,34.7,3.1,32215,5.7,287740,11.7,420000,25.2,72.3,-7.4,20.2,475,1070,189.2,,9886.0,22.7,45,1.20%,-0.84,-0.87%,80.7,80,82,79.8,80.2,946,5.55,0.07,1.03,1.09,3.37,33.43,5.79,22.55,5.09,0.27,2617,32,483,515,1587,15752,2727,10626,2399,126,64712,29,269337,1.20%,64.9,31
Columbia MO,Columbia,MO,Missouri,Boone,141645,28.5,2.94,25987,4.4,94740,21.8,,30.1,80.1,-3.4,26.6,219,49,235.4,2,12556.0,16.6,33,0.54%,3.31,,80.7,83.7,80.1,79.7,80.3,373,3.61,0.04,0.72,0.84,2.01,28.18,4.44,21.43,2.31,0.06,446,5,89,104,248,3483,549,2648,286,7,51276,24.6,191486,0.54%,76.2,36.6
Columbia SC,Columbia,SC,South Carolina,Richland,560041,28.5,3.07,22230,6.7,382550,21.8,213000,32.2,83.6,4.7,39.5,642,16,205.5,81,14728.0,15.8,38,-0.83%,-3.64,,78.2,84.7,75.2,81.7,79,373,7.38,0.12,0.67,1.68,4.91,50.57,7.53,37.28,5.75,0.22,986,16,90,224,656,6753,1006,4979,768,29,47286,21.6,179706,-0.83%,81.2,49.7
Columbia TN,Columbia,TN,Tennessee,Maury,40663,36.5,3.09,28475,4.1,,13.9,307000,30.3,80.5,1.1,33.7,976,71,168.9,11,9616.0,27.9,,2.47%,-3.59,,,,,,,373,6.34,0.18,0.67,0.57,4.92,32.11,5.23,24.38,2.50,0.05,246,7,26,22,191,1246,203,946,97,2,49284,13.2,150897,2.47%,76.8,43.3
Columbus OH,Columbus,OH,Ohio,Franklin,1562009,32.2,3.16,30484,5.5,1059620,19.5,249000,27.6,76.2,-3.9,25.8,776,312,149.8,224,10110.0,22,41,0.86%,-1.87,-3.41%,80.8,84.5,82.5,81.6,79.9,1582,,,,,,,,,,,,,,,,,,,,,53745,20.7,150342,0.86%,72.7,34.9
Conroe TX,Conroe,TX,Texas,Montgomery,91079,33.6,3.31,30983,4.2,,12.2,304000,34.6,87.3,7.5,43.9,872,7,162,45,9375.0,27.2,,4.00%,3.78,,93.3,91.1,94.4,103.9,95.8,488,2.50,0.03,0.57,0.56,1.34,24.94,3.24,20.14,1.55,,219,3,50,49,117,2183,284,1763,136,,60343,27.7,185726,4.00%,84.2,54.9
Conway AR,Conway,AR,Arkansas,Faulkner,74951,28.9,3.16,25964,3.2,350110,19,205000,32.6,84.2,1.7,34.8,897,72,192.1,23,10909.0,20.4,,0.90%,,-1.06%,82.6,86.4,82.8,83,82.6,567,5.41,0.07,0.75,0.84,3.75,33.41,3.72,28.19,1.50,0.04,361,5,50,56,250,2229,248,1881,100,3,47221,21.4,171482,0.90%,80.2,44.9
Corpus Christi TX,Corpus Christi,TX,Texas,Nueces,342464,35.2,3.32,27602,5.5,188940,16.1,,33.4,85.5,11.7,50.7,337,0,213.6,,9750.0,19.4,40,0.09%,-2.36,5.25%,85.5,89.1,136.8,84.5,95.7,789,7.57,0.07,0.90,1.57,5.03,36.44,6.53,27.12,2.79,0.21,2488,24,295,515,1654,11975,2146,8913,916,70,56333,24.6,139129,0.09%,85.2,61.3
Dallas TX,Dallas,TX,Texas,Dallas,5743938,32.7,3.45,30634,4.7,3656860,18.9,395000,34.5,87.3,5.1,40.1,765,18,197,378,11054.0,27.1,48,0.13%,-1.34,-3.26%,107,106.3,105.8,105.4,105.9,1526,,,,,,,,,,,,,,,,,,,,,52580,23.9,193646,0.13%,85,50.8
Dalton GA,Dalton,GA,Georgia,Whitfield,86628,32.6,3.54,25113,5.2,64340,19.4,194000,30.6,81.0,1.7,34.7,1067,65,169.3,27,11598.0,18.9,35,0.38%,-1.76,6.85%,81.2,86.2,79.8,81.1,79.4,632,2.75,,0.33,0.62,1.80,29.17,3.52,23.26,2.39,0.06,93,,11,21,61,987,119,787,81,2,44696,13.9,146677,0.38%,76.5,44.7
Danville IL,Danville,IL,Illinois,Vermilion,47059,36.4,3.15,22920,9.3,26570,29.4,,27.0,75.2,-4.5,24.9,651,224,161.2,15,4274.5,14.7,,-1.33%,-8.81,9.72%,82,87.4,78.7,81.6,81.1,654,17.91,0.38,1.70,3.30,12.53,48.33,12.15,33.71,2.47,0.48,559,12,53,103,391,1508,379,1052,77,15,36172,13.1,65247,-1.33%,72.2,33.6
Davenport IA,Davenport,IA,Iowa,Scott,285362,36.7,3.24,29572,4.5,,16.6,,26.9,75.1,-6.9,21.0,694,325,181.9,26,13196.0,17.9,45,-0.32%,-0.39,-0.84%,79.7,83.4,78.5,78.4,81.2,617,,,,,,,,,,,,,,,,,,,,,51029,19.5,131184,-0.32%,71.8,30.3
Dayton OH,Dayton,OH,Ohio,Montgomery,718353,33,3.05,18644,10.7,380500,30.6,106468,26.7,74.7,-3.8,25.9,607,195,175.7,77,12256.9,20.5,44,-0.02%,-4.56,,80.2,86.6,80.9,82.2,79.2,978,9.22,0.26,1.19,2.88,4.88,45.13,12.11,27.35,5.67,0.31,1291,37,167,403,684,6323,1697,3831,795,44,32540,9.1,66125,-0.02%,71.5,34.7
Daytona Beach FL,Daytona Beach,FL,Florida,Volusia,69186,40.6,3.09,23187,6.7,198950,24.3,212500,31.2,82.0,13.7,53.9,963,0,139.6,,8565.0,19.3,,0.69%,-3,-0.57%,80.4,85.1,80.5,81.8,80.9,406,11.07,0.12,0.25,1.32,9.39,48.65,5.56,39.84,3.24,0.10,764,8,17,91,648,3358,384,2750,224,7,35893,10.2,152987,0.69%,82.6,64.6
Decatur AL,Decatur,AL,Alabama,Morgan,68867,39.9,3.1,26591,5.7,55110,17.5,199900,31.0,81.6,2.4,35.8,1095,45,161.9,24,13356.0,19,35,0.15%,-4.29,-3.21%,81,88,80.2,82.5,80.3,645,4.21,0.02,0.57,1.07,2.55,42.58,8.21,31.21,3.15,,228,1,31,58,138,2308,445,1692,171,,48429,18.2,134289,0.15%,78.2,45.4
Decatur IL,Decatur,IL,Illinois,Macon,87236,40.2,2.98,25417,9.2,49240,22.1,,27.4,75.8,-4.0,25.5,415,144,197.6,25,2593.2,16.5,41,-0.55%,,-9.19%,81.4,85.1,78.7,82.6,81.4,645,5.00,0.13,0.42,1.17,3.28,28.62,8.63,18.50,1.49,0.32,358,9,30,84,235,2050,618,1325,107,23,42701,14.8,82464,-0.55%,72.9,34.4
Denver CO,Denver,CO,Colorado,Denver,2876625,34.5,3.17,39806,3.8,1513360,12.9,550000,28.2,77.2,-6.1,22.2,329,906,183,238,12637.0,25.9,58,1.53%,-1.43,-0.87%,80.2,72.2,83.8,79.4,78.2,1831,7.30,0.09,0.99,1.68,4.54,36.72,5.52,23.87,7.32,0.16,5262,65,717,1211,3269,26464,3982,17207,5275,116,68592,33.8,390553,1.53%,70.1,33.7
Des Moines IA,Des Moines,IA,Iowa,Polk,473957,34.2,3.21,30412,5.8,371710,16.1,187500,27.4,75.9,-7.6,19.9,658,330,189.8,,13268.0,18.9,36,1.94%,,-2.23%,80.8,83.6,82.1,80.3,81.6,938,,,,,,,,,,,,,,,,,,,,,53525,19.5,132670,1.94%,72.4,29.8
Detroit MI,Detroit,MI,Michigan,Wayne,3506126,34.7,3.52,19798,15.7,1980730,35,75000,25.3,72.5,-5.2,23.6,595,377,153.7,38,10844.8,25.9,50,-0.44%,,7.73%,82.2,81.5,81.5,81.2,80.5,1864,20.08,0.39,1.47,3.44,14.78,43.05,11.08,22.35,9.61,1.27,13478,261,988,2309,9920,28897,7440,15003,6454,853,30894,8.8,50327,-0.44%,70.5,32.2
Dodge City KS,Dodge City,KS,Kansas,Ford,27104,29.9,3.52,28147,6,,16.3,,33.0,84.9,-2.4,28.2,396,213,236.6,,10669.0,12.2,11,-0.78%,6.5,-1.10%,80.7,82.1,80.2,80.4,81.3,717,3.24,0.07,0.47,0.18,2.52,21.33,3.67,16.36,1.30,0.14,90,2,13,5,70,592,102,454,36,4,50338,16.2,101707,-0.78%,80.2,39.6
Dothan AL,Dothan,AL,Alabama,Houston,72396,39.6,3.26,25581,7.2,57270,18.8,,32.4,83.8,7.0,43.2,751,7,181.7,21,4541.0,19.5,,0.88%,-2.39,-7.65%,80.2,86,81.9,82.5,82.1,296,9.78,0.13,0.39,1.17,8.08,40.84,8.19,29.78,2.87,,670,9,27,80,554,2799,561,2041,197,,47081,20.5,149062,0.88%,81.7,54.1
Dover DE,Dover,DE,Delaware,Kent,117282,30.7,3.08,22481,6.2,64480,24.4,245000,27.6,76.1,-0.1,31.8,668,117,184.3,20,9705.4,21.9,36,0.42%,5.1,-4.00%,78.5,81.5,79.2,82.1,78,622,7.97,0.11,0.53,1.14,6.19,47.91,1.54,44.02,2.36,0.08,301,4,20,43,234,1810,58,1663,89,3,47669,17,175475,0.42%,74.7,41.1
Dublin GA,Dublin,GA,Georgia,Laurens,20583,37.2,3.6,19656,6.7,,32.4,164000,31.9,83.1,5.5,40.9,882,3,170.2,12,10160.0,20.4,,0.72%,-9.78,,79.5,87.4,80.5,81.1,80.9,1643,8.06,0.32,0.32,1.59,5.84,49.12,9.58,37.07,2.48,,127,5,5,25,92,774,151,584,39,,32128,12.1,106652,0.72%,80.8,51.5
Dubuque IA,Dubuque,IA,Iowa,Dubuque,68109,37.3,2.95,27820,4.7,59130,15.9,,25.7,73.1,-8.8,18.0,696,434,179.8,18,13750.0,14.9,,-0.16%,1.56,-3.07%,79.8,85.5,79.8,82.1,80.3,729,,,,,,,,,,,,,,,,,,,,,54234,18.8,142769,-0.16%,69.5,27.4
Eau Claire WI,Eau Claire,WI,Wisconsin,Eau Claire,107404,31.7,2.97,26639,4,83660,16.6,243000,,,,,,,,,,16.2,37,0.05%,-5.07,-5.99%,92.6,76.4,103.7,112,99.9,812,,,,,,,,,,,,,,,,,,,,,55477,21.2,154979,0.05%,,
Edmond OK,Edmond,OK,Oklahoma,Oklahoma,94054,35.7,3.08,37070,3.6,,10.1,310000,33.2,85.1,0.6,32.9,606,77,220,38,8277.0,22.6,,1.25%,-3.14,-0.02%,81.8,83,83.7,81.5,82.1,428,,,,,,,,,,,,,,,,,,,,,81473,40.3,239968,1.25%,81.7,44
Elkhart IN,Elkhart,IN,Indiana,Elkhart,147567,33.5,3.4,24573,7.7,136830,21.9,,25.7,73.1,-5.7,22.8,776,457,138.1,31,11700.3,18.7,36,-0.03%,-1.65,-2.68%,80.3,84.6,81.1,77.3,80.4,734,11.85,0.13,0.59,1.06,10.06,35.49,6.84,23.38,5.28,0.25,624,7,31,56,530,1869,360,1231,278,13,40750,10,93707,-0.03%,69.5,31.4
Enid OK,Enid,OK,Oklahoma,Garfield,49688,35,3.16,26941,4.9,24700,14.9,140000,34.0,86.3,-0.6,31.1,546,102,220.6,20,9114.0,17.1,,-0.07%,-6.44,-0.02%,80.7,83,80.2,81.1,79.8,259,3.45,0.06,0.68,0.34,2.37,28.44,7.37,19.42,1.65,0.08,173,3,34,17,119,1428,370,975,83,4,51952,18.6,109671,-0.07%,83.1,42.4
Evansville IN,Evansville,IN,Indiana,Vanderburgh,230427,37.6,2.95,24291,5.9,,21.8,,28.9,78.2,-1.2,30.1,702,107,177.8,41,10467.0,18.5,41,-0.07%,-4.35,-2.68%,82.1,83.6,78.2,80.3,80.7,962,5.68,0.08,0.77,1.31,3.52,44.63,6.01,34.34,4.29,,675,10,91,156,418,5301,714,4078,509,,40178,11.6,94122,-0.07%,75.4,39.1
Fairbanks AK,Fairbanks,AK,Alaska,Fairbanks North Star,63245,27.6,3.22,31494,7.7,33480,11,230000,19.9,63.8,-20.8,-1.3,276,622,202.4,30,18076.5,13.5,33,-1.68%,-2.39,,74.9,76.3,57.5,69.8,76.8,375,6.10,0.13,0.66,1.36,3.95,42.80,3.51,34.42,4.87,0.13,193,4,21,43,125,1354,111,1089,154,4,62602,29.4,211602,-1.68%,58,1.3
Fargo ND,Fargo,ND,North Dakota,Cass,208675,31,2.89,31607,3.2,,13.2,,26.0,73.6,-14.5,8.9,436,500,197.4,27,12975.0,15.3,34,0.46%,-0.78,-3.24%,77.9,82.2,82,76.9,79.3,967,4.18,0.04,0.84,0.50,2.79,31.47,5.56,23.43,2.47,0.08,522,5,105,63,349,3931,695,2927,309,10,55551,23,212538,0.46%,69,18.9
Fayetteville AR,Fayetteville,AR,Arkansas,Washington,351246,27.3,2.91,26359,5,,22.9,369000,30.9,81.5,-0.6,31.1,819,136,190.5,17,15462.0,19,39,1.13%,4.04,-5.49%,81.5,85.4,82.1,82.6,81.4,625,5.70,0.01,0.93,0.69,4.07,43.31,5.10,33.26,4.94,0.06,496,1,81,60,354,3768,444,2894,430,5,43690,20.3,207344,1.13%,77.4,41.3
Findlay OH,Findlay,OH,Ohio,Hancock,48469,37.4,2.81,28264,4.3,,13.3,195000,26.2,73.9,-4.9,24.1,719,364,145.3,19,15371.0,15.7,,-0.29%,-5.18,,81.1,81.7,82.6,79.8,79.3,810,2.18,0.12,0.89,0.29,0.87,25.22,3.51,21.09,0.63,0.07,90,5,37,12,36,1043,145,872,26,3,51002,19,136403,-0.29%,70.4,33
Flagstaff AZ,Flagstaff,AZ,Arizona,Coconino,81974,25.2,3.12,21503,7.6,62200,17.5,575000,27.6,76.2,-3.5,26.4,319,728,252.7,3,8621.0,15.4,44,1.73%,-6.55,2.52%,79.8,71.2,80.3,78.3,79.6,438,4.69,0.03,0.51,0.55,3.61,33.84,2.44,30.66,0.73,0.66,342,2,37,40,263,2465,178,2234,53,48,58748,25.5,352029,1.73%,69.9,36.7
Florence AL,Florence,AL,Alabama,Lauderdale,79964,35.5,2.86,22747,4.9,55110,21.6,,31.0,81.7,2.2,35.5,1048,43,162.4,13,14010.0,18.9,,0.24%,-5.83,0.78%,81.5,85.9,80.8,84.1,81.4,657,5.16,0.10,0.58,0.75,3.73,41.65,7.06,30.43,4.16,,206,4,23,30,149,1663,282,1215,166,,40526,12.7,136702,0.24%,78.2,45.1
Fond du Lac WI,Fond du Lac,WI,Wisconsin,Fond du Lac,55209,38.9,2.98,29475,4.6,45740,11.6,184000,,,,,,,,,,17.2,36,0.79%,-6.42,-3.02%,100.5,86.7,97,114.9,97.2,869,2.36,0.09,0.68,0.33,1.26,23.66,1.82,20.74,1.10,0.07,101,4,29,14,54,1012,78,887,47,3,52724,17.8,126122,0.79%,,
Fort Lauderdale FL,Fort Lauderdale,FL,Florida,Broward,182437,42.1,3.32,31081,7,2642310,16.9,445000,30.3,80.4,19.2,62.7,395,0,135.4,,9109.0,27,,0.18%,-4.87,-3.35%,78.6,67.2,79.8,81.1,80.1,2036,5.52,0.11,0.40,1.92,3.09,49.68,7.50,37.41,4.78,0.07,1006,20,73,350,563,9050,1366,6814,870,12,59450,30.2,332591,0.18%,83.8,71.8
Fort Wayne IN,Fort Wayne,IN,Indiana,Allen,334122,35,3.13,28548,5.5,218510,16,,26.4,74.2,-5.1,23.8,594,322,154.2,,10835.0,21.2,44,1.10%,,-2.68%,82.5,86.6,81.8,79.8,80,943,3.83,0.15,0.49,1.15,2.04,26.18,3.76,20.37,2.05,0.15,1024,40,131,307,546,7007,1006,5453,548,40,49411,17.5,114637,1.10%,70.8,32.6
Fort Worth TX,Fort Worth,TX,Texas,Tarrant,909585,32.6,3.54,31338,5.4,3656860,14.5,310000,34.3,86.8,4.9,39.8,657,23,208.6,,9386.0,27.2,,1.83%,-0.7,-3.26%,94.8,89.5,105.1,104.7,102.4,1016,5.01,0.06,0.54,1.25,3.16,28.46,5.04,20.09,3.33,0.15,4482,58,482,1116,2826,25433,4504,17957,2972,138,62187,27.9,167852,1.83%,84.2,50.8
Glenwood Springs CO,Glenwood Springs,CO,Colorado,Garfield,11962,37.1,3.24,34059,3.1,,9.2,,23.9,70.3,-11.5,13.5,372,1248,166.3,,10380.0,26.1,46,-0.24%,2.81,-0.87%,79.2,68.8,81.5,76.8,78.1,#N/A,3.49,0.10,1.60,0.20,1.60,47.20,3.99,40.21,2.99,0.20,35,1,16,2,16,473,40,403,30,2,66693,28.8,408529,-0.24%,60.4,23.6
Grand Forks ND,Grand Forks,ND,North Dakota,Grand Forks,64748,29,2.81,28110,4.2,,18.5,,25.6,73.0,-15.7,6.9,266,293,227.3,,13434.0,13.7,,-1.41%,-4.72,2.28%,80.5,80.4,81,78.9,81.5,784,2.57,0.07,0.49,0.36,1.65,24.45,3.75,18.52,2.19,0.02,148,4,28,21,95,1410,216,1068,126,1,50076,22.5,210060,-1.41%,68.4,17.1
Grand Junction CO,Grand Junction,CO,Colorado,Mesa,139143,37.1,2.94,27401,6.9,62170,15.6,,29.1,78.6,-6.2,22.0,215,292,227,,8142.0,16.4,44,0.74%,,-0.87%,79.8,81.5,83,80.5,81.9,621,4.37,0.05,0.91,0.27,3.14,43.40,4.62,36.24,2.54,0.35,275,3,57,17,198,2733,291,2282,160,22,52504,20.7,237702,0.74%,71.2,31.6
Grand Rapids MI,Grand Rapids,MI,Michigan,Kent,609314,31.4,3.25,25616,6.3,567640,20.4,255000,25.3,72.5,-5.8,22.7,229,140,204.3,,16410.0,19.1,36,0.44%,-4.96,0.34%,82.1,81.9,80.4,81.3,79.2,1734,6.55,0.02,0.70,1.59,4.23,19.11,3.39,14.37,1.35,0.18,1313,5,141,319,848,3830,679,2881,270,37,50103,18.1,142966,0.44%,68.6,30.9
Green Bay WI,Green Bay,WI,Wisconsin,Brown,207557,34.5,3.13,28180,3.6,174620,14.9,216000,,,,,,,,,,18,35,-0.24%,,-1.98%,87.9,80.8,93.4,102.8,93.7,887,4.59,0.01,0.74,0.53,3.31,17.08,2.37,13.75,0.95,0.07,483,1,78,56,348,1798,250,1448,100,7,49251,16.9,135628,-0.24%,,
Greenville SC,Greenville,SC,South Carolina,Greenville,484465,34.3,2.97,31797,4.3,418430,13.4,295000,31.4,82.2,2.3,35.7,901,103,178.6,56,9898.0,19.5,40,2.59%,-4.42,1.13%,101.4,77.5,93.2,109.2,106.4,920,5.29,0.03,0.49,1.06,3.71,40.37,5.79,31.28,3.30,0.10,368,2,34,74,258,2810,403,2177,230,7,56609,27.1,288518,2.59%,77.8,46
Gulfport MS,Gulfport,MS,Mississippi,Harrison,220987,34.8,3.11,23717,11.6,150070,26.3,,31.8,82.9,9.4,47.1,1108,8,156.1,12,9955.5,22,44,-0.09%,-2.78,0.71%,80.9,86.3,80.2,80,82.8,497,5.35,0.06,0.36,1.19,3.74,50.58,7.29,39.28,4.01,0.22,387,4,26,86,271,3662,528,2844,290,16,39171,13,121412,-0.09%,83.2,56.7
Haond LA,Haond,LA,Louisiana,Tangipahoa,72413,28.7,3.31,18182,7.6,44160,31,224470,33.0,84.8,7.7,44.3,702,6,177,7,9305.0,24,26,3.24%,4.97,,80.5,85.5,81,81.4,81,1282,14.55,,1.56,2.77,10.22,103.36,30.27,67.40,5.69,0.10,299,,32,57,210,2124,622,1385,117,2,36921,15.8,150904,3.24%,82.5,54.9
Harlingen TX,Harlingen,TX,Texas,Cameron,136037,31.6,3.59,20315,6.2,138640,29.1,,34.2,86.8,14.3,54.8,133,0,258.3,41,11605.0,17.1,,0.04%,-2.85,2.39%,81.9,62,97.9,86.4,76,626,,,,,,,,,,,,,,,,,,,,,39752,13.2,86793,0.04%,86.1,65.5
Harrisonburg VA,Harrisonburg,VA,Virginia,Harrisonburg,72386,25.4,3.14,18223,4.9,64210,28.3,,27.7,76.3,-3.3,26.8,771,429,163.8,14,9704.7,16.6,32,-0.88%,,-1.74%,95.9,94.8,99.9,105,106.3,1180,2.00,0.07,0.31,0.22,1.40,15.20,1.79,12.96,0.46,0.05,110,4,17,12,77,834,98,711,25,3,46679,18.7,204187,-0.88%,70.9,36.8
Hattiesburg MS,Hattiesburg,MS,Mississippi,Forrest,80138,29,3.21,17760,10.5,63610,32.5,,33.0,84.9,5.9,41.5,925,22,163.2,8,10184.0,16.9,36,-0.02%,-3.25,3.47%,80.4,85.8,81.9,82,83.1,331,,,,,,,,,,,,,,,,,,,,,34735,10.7,114004,-0.02%,81.9,52.3
Hilton Head Island SC,Hilton Head Island,SC,South Carolina,Beaufort,74139,58,2.71,38766,3.8,78600,9.7,460000,30.4,80.7,9.2,46.8,820,1,158.5,,12315.0,18.5,,0.06%,3.94,,103.7,113.5,103.7,101.8,107.6,372,,,,,,,,,,,,,,,,,,,,,84575,42.9,484175,0.06%,81.9,56.2
Honolulu HI,Honolulu,HI,Hawaii,Honolulu,820987,41.5,3.38,35383,3.7,457610,10.6,597000,26.9,75.0,21.2,65.9,371,0,103.3,116,12557.0,23.7,,-0.54%,,,66.8,38,65.6,76.7,75.2,2200,,,,,,,,,,,,,,,,,,,,,71465,34.7,682995,-0.54%,77.7,74.3
Hot Springs AR,Hot Springs,AR,Arkansas,Garland,60767,41.9,3.15,22017,5.7,36780,24.3,218000,32.6,84.2,2.0,35.3,844,49,198.5,,11939.0,17.8,29,0.41%,,-5.11%,81.5,84.2,81,82.2,78.9,400,5.24,0.16,0.78,1.24,3.05,70.04,20.00,44.61,5.43,0.19,194,6,29,46,113,2592,740,1651,201,7,37552,11.9,122867,0.41%,80.1,45.7
Houma LA,Houma,LA,Louisiana,Terrebonne,140469,36.8,3.28,25850,6.7,85070,23.8,,31.6,82.6,10.1,48.2,479,0,195.7,24,10924.0,23.1,39,-0.83%,,8.36%,79.5,82.5,80.4,81.3,79.4,874,4.76,0.09,0.57,0.90,3.19,48.91,5.21,41.11,2.59,0.15,158,3,19,30,106,1625,173,1366,86,5,42949,22.1,157761,-0.83%,82.5,58.2
Houston TX,Houston,TX,Texas,Harris,5464251,33,3.45,29259,5.9,3052170,20.1,285000,33.8,86.1,9.3,46.9,898,3,155.6,777,10310.0,27.7,52,0.07%,,-1.20%,85.7,96.9,109.8,93.5,95.8,1399,,,,,,,,,,,,,,,,,,,,,52338,24.7,177555,0.07%,84.8,57.6
Huntsville AL,Huntsville,AL,Alabama,Madison,319249,36.9,2.88,30079,5.3,232990,16.8,299500,30.5,80.8,2.0,35.2,1076,45,171.2,53,10797.5,19.2,40,1.24%,2.45,-3.00%,81.3,85.2,80.8,79.8,78.3,361,,,,,,,,,,,,,,,,,,,,,55305,27.7,183685,1.24%,77.3,44.7
Hutchinson KS,Hutchinson,KS,Kansas,Reno,42531,38.6,3,25967,4.7,,14.4,,32.3,83.7,-2.7,27.7,538,207,213.3,24,11376.0,16.1,,-0.56%,-3.68,-1.10%,81.1,85.5,79.5,79.3,80.4,634,4.09,0.02,0.76,0.44,2.86,40.03,8.77,28.37,2.88,0.39,166,1,31,18,116,1624,356,1151,117,16,46927,15.8,95065,-0.56%,80.1,38.5
Indianapolis IN,Indianapolis,IN,Indiana,Marion,1588961,34.2,3.42,29167,6.4,1057780,18,210000,27.3,75.7,-4.0,25.6,537,200,176.6,232,9429.0,23.6,49,0.62%,-3.44,-2.68%,81.1,84.2,78.9,81.7,80,935,12.73,0.18,0.77,3.51,8.26,41.29,8.94,26.72,5.64,0.26,11170,162,677,3081,7250,36237,7842,23448,4947,229,47873,19.1,135271,0.62%,73,34.4
Ithaca NY,Ithaca,NY,New York,Tompkins,55137,21.9,2.79,15522,4.8,49920,39.2,,24.5,71.2,-7.0,20.9,827,878,120.4,13,21180.0,17.6,34,0.58%,-2.77,1.57%,79.5,77.7,80.5,78.5,79.2,2209,2.31,,0.29,0.83,1.19,26.17,1.99,23.70,0.48,0.03,72,,9,26,37,815,62,738,15,1,34424,19.5,234331,0.58%,65.8,29.6
Jackson MS,Jackson,MS,Mississippi,Hinds,325350,33,3.4,22547,11.3,265090,25.4,170000,33.1,84.9,5.2,40.3,755,10,190.9,59,9133.0,21.1,44,-1.92%,,-1.36%,80.4,85.2,82.8,83.1,80.1,558,,,,,,,,,,,,,,,,,,,,,38888,13.2,91017,-1.92%,81.6,50.7
Jackson TN,Jackson,TN,Tennessee,Madison,74065,35.9,3.11,25691,5.9,66000,22.5,163000,30.5,80.9,1.6,34.6,393,29,210.7,22,5151.5,17.6,25,0.36%,,-0.66%,,,,,,558,10.02,0.13,0.43,1.53,7.93,42.87,6.69,32.87,3.32,0.27,670,9,29,102,530,2866,447,2197,222,18,43621,16.8,131099,0.36%,78,43.9
Jacksonville FL,Jacksonville,FL,Florida,Duval,1181496,35.9,3.22,30166,5.9,703140,14.9,270000,32.8,84.4,10.4,48.6,644,0,166.5,197,8951.0,25.2,43,1.01%,,-1.10%,80.4,82.8,80.5,83.4,81,470,5.96,0.12,0.59,1.46,3.78,33.34,5.44,24.65,3.26,0.08,5381,110,535,1323,3413,30112,4909,22262,2941,76,54701,22.1,172956,1.01%,83.2,59.9
Jefferson City MO,Jefferson City,MO,Missouri,Cole,58025,37.9,2.98,30776,3.4,73890,12.9,,30.9,81.5,-2.9,27.4,236,54,243.5,,9879.0,15.5,35,-0.25%,9.57,6.92%,80.2,85.4,80.1,80.7,81.4,457,,,,,,,,,,,,,,,,,,,,,52253,20.6,149958,-0.25%,77,37.6
Joliet IL,Joliet,IL,Illinois,Will,147344,33.8,3.68,31073,6,,10.9,235000,26.8,74.8,-6.1,22.2,831,371,164,50,10723.0,30.7,,-0.26%,1.73,-1.41%,79.8,80.3,82,78.1,80.3,886,3.27,0.05,0.30,0.82,2.10,15.56,3.02,11.62,0.92,0.33,486,8,44,122,312,2312,449,1726,137,49,70509,30.9,180930,-0.26%,71.6,31.2
Jonesboro AR,Jonesboro,AR,Arkansas,Craighead,78394,32.8,3.08,25072,6.9,57170,18.1,200000,31.0,81.6,1.6,34.5,739,58,192.5,25,9719.0,18.4,,1.50%,0.26,-12.91%,82.1,85.7,82.1,83.6,82.1,377,5.51,0.05,0.74,0.74,3.98,40.75,14.91,23.66,2.18,0.14,425,4,57,57,307,3143,1150,1825,168,11,45931,18.1,151896,1.50%,79.2,44.1
Joplin MO,Joplin,MO,Missouri,Jasper,84048,36.7,3.05,25156,6,80730,18.2,,30.7,81.2,-1.2,30.0,813,143,193.9,19,16128.0,17,35,0.63%,-8.51,-4.32%,82,87.7,78.2,81.2,83.3,515,,,,,,,,,,,,,,,,,,,,,45449,14.1,124684,0.63%,77.8,40.3
Juneau AK,Juneau,AK,Alaska,Juneau,31974,38.1,3.09,42746,4.6,,7.7,,12.1,51.4,-7.6,19.8,2181,7369,92.3,16,22525.0,16.1,14,-0.20%,-3.14,,70.7,69.8,73.2,69.4,77.3,4,8.27,0.03,1.28,1.16,5.80,48.56,9.21,35.24,4.10,0.16,264,1,41,37,185,1550,294,1125,131,5,88390,43.3,345230,-0.20%,48.7,23.8
Kalamazoo MI,Kalamazoo,MI,Michigan,Kalamazoo,215193,26.5,3.12,19106,7.6,143950,28.4,215000,25.4,72.6,-6.1,22.3,508,305,149.3,16,13890.3,18,38,-0.37%,-6.1,7.73%,84.6,88.5,80.2,82.1,82.7,1192,13.26,0.09,1.54,2.09,9.54,50.32,11.08,34.81,4.43,0.30,1008,7,117,159,725,3825,842,2646,337,23,41774,13.6,105564,-0.37%,68.8,30.9
Kansas City MO,Kansas City,MO,Missouri,Jackson,1636715,35.1,3.15,31624,4.8,,16.1,250000,31.0,81.7,-4.0,25.5,992.2,340.4,0,,13820.0,22,48,0.67%,-2.01,-1.10%,79.5,83,80.2,80,80.1,607,15.90,0.28,0.82,3.32,11.49,43.07,7.54,26.98,8.55,0.44,7842,137,403,1637,5665,21236,3717,13305,4214,216,54194,23.7,150266,0.67%,78.7,36.7
Kennewick WA,Kennewick,WA,Washington,Benton,240735,33.7,3.34,29944,6,118300,15.5,,30.3,80.4,-1.3,30.0,186,132,232.3,6,10526.0,21.2,33,2.00%,-5.32,-2.02%,,,,,,1186,1.91,0.04,0.44,0.42,1.02,25.71,3.54,20.32,1.85,0.25,158,3,36,35,84,2126,293,1680,153,21,59533,23.7,213122,2.00%,73.7,36.6
Knoxville TN,Knoxville,TN,Tennessee,Knox,586048,32.7,2.95,23180,5.4,381940,24.3,305000,30.9,81.5,0.3,32.5,751,100,189.8,82,4595.5,20.5,41,0.13%,-1.62,-1.76%,84.4,70.2,95,86,85.4,733,7.99,0.11,0.70,1.32,5.87,46.79,7.28,33.81,5.69,0.04,1508,20,132,249,1107,8827,1374,6379,1074,7,40341,14.1,135668,0.13%,76.4,42.4
Lafayette IN,Lafayette,IN,Indiana,Tippecanoe,157820,33.2,3.04,27025,5.2,93810,16.7,,26.8,74.9,-4.8,24.4,562,213,158.8,27,10639.3,17.1,43,4.03%,-0.04,-2.68%,82.6,86.2,80.1,81.8,80.7,877,4.64,0.05,0.47,0.85,3.26,35.98,6.89,27.15,1.95,0.14,338,4,34,62,238,2623,502,1979,142,10,46374,14.2,114215,4.03%,71.7,33.3
Lafayette LA,Lafayette,LA,Louisiana,Lafayette,264357,35.8,3.15,27150,5.1,198590,19.7,,32.0,83.3,8.3,45.3,455,0,194,31,14327.0,21.2,41,-0.15%,-5.63,-3.06%,80.1,84.3,82.4,82.4,81.3,877,5.34,0.07,0.16,1.24,3.86,46.10,7.99,35.15,2.96,0.16,681,9,21,158,493,5882,1019,4485,378,20,51264,23.8,195979,-0.15%,81.9,55.6
Lake Charles LA,Lake Charles,LA,Louisiana,Calcasieu,156181,36.2,3.07,24402,6.2,115770,22.8,,32.6,84.1,8.5,45.6,997,8,159.5,,10638.0,17.2,41,0.17%,,-10.17%,80.3,83,84.4,80.6,80.7,674,7.39,0.08,0.71,1.72,4.88,48.52,23.70,21.04,3.78,,575,6,55,134,380,3777,1845,1638,294,,42942,18.7,155745,0.17%,82.9,55.8
Lake Havasu City AZ,Lake Havasu City,AZ,Arizona,Mohave,56820,54.2,2.66,27503,5.9,50740,10.3,,38.6,93.8,8.7,46.0,159,0,301.5,,5868.0,19.5,18,1.54%,-1.68,2.42%,79.8,78.9,81,80.8,80.5,465,1.61,0.04,0.37,0.11,1.10,15.18,2.83,11.25,1.10,0.09,88,2,20,6,60,830,155,615,60,5,53605,20,248031,1.54%,92,57
Laramie WY,Laramie,WY,Wyoming,Albany,33929,25.9,2.96,21138,4.8,,23.9,,,,,,,,,,,11.9,46,0.30%,,,101.9,79.1,86.8,97.4,96.9,688,0.98,0.03,0.25,0.03,0.68,12.15,1.35,10.21,0.58,0.18,32,1,8,1,22,395,44,332,19,6,46117,18.8,214635,0.30%,,
Las Cruces NM,Las Cruces,NM,New Mexico,Do√±a Ana,136254,32.3,3.15,22782,7.3,71160,23.6,,33.5,85.5,3.2,37.2,247,38,257.4,,10353.0,18.8,53,0.60%,-4.6,3.12%,78,84.8,83.3,78.8,81.4,519,,,,,,,,,,,,,,,,,,,,,43022,17.2,153454,0.60%,82.4,48.1
Lexington KY,Lexington,KY,Kentucky,Fayette,323152,34.6,2.99,30181,5.1,273120,16.8,255000,28.8,78.1,-1.9,29.0,964,287,153.1,80,14072.0,21,39,0.23%,-3.17,-5.41%,82.3,82.1,81.4,82.4,79.9,439,3.02,0.07,0.75,1.30,0.91,31.73,4.68,23.82,3.23,0.15,982,22,243,422,295,10329,1523,7755,1051,50,57291,26.3,189927,0.23%,74.2,38.3
Lexington VA,Lexington,VA,Virginia,Lexington,9264,22.3,2.84,8641,2.6,,27.4,,28.9,78.2,-2.2,28.5,606,190,192.1,5,13088.5,15.9,,2.04%,,-1.74%,,,,,,439,0.42,,,0.14,0.28,5.07,0.28,4.65,0.14,,3,,,1,2,36,2,33,1,,42632,18.3,223241,2.04%,72.1,38.5
Lima OH,Lima,OH,Ohio,Allen,68878,33.4,3.08,21116,7.9,50390,24.3,64000,26.2,73.9,-4.7,24.5,778,314,155,23,8883.7,18.3,36,-0.65%,-5.56,-5.68%,81.2,87.2,82.1,77.4,80.8,1045,6.50,0.08,1.27,1.84,3.30,45.04,12.96,29.42,2.65,0.51,240,3,47,68,122,1664,479,1087,98,19,35799,7.1,65255,-0.65%,70.5,33.1
Lincoln NE,Lincoln,NE,Nebraska,Lancaster,289490,32.7,3.04,30695,3.4,181660,13.5,249950,28.9,78.3,-6.4,21.8,189,79,245.4,77,11196.0,18.7,30,,,0.94%,80.5,83.9,81.8,79.3,79.3,1160,3.62,0.02,0.98,0.56,2.06,28.78,4.10,23.20,1.49,,1045,6,283,162,594,8307,1182,6694,431,,57746,24.6,169629,,74.5,32
Little Rock AR,Little Rock,AR,Arkansas,Pulaski,439815,36.7,3.14,30931,4.1,350110,16.6,210000,32.6,84.2,2.6,36.1,481,20,202.4,,14718.0,18.6,42,-0.09%,-1.11,-1.06%,81,82.3,80.9,82.5,78.6,634,14.46,0.20,1.09,1.86,11.31,65.48,10.43,49.43,5.62,0.29,2882,40,218,371,2253,13049,2079,9850,1120,57,51485,24.3,167689,-0.09%,81.1,46.2
Longview TX,Longview,TX,Texas,Gregg,100330,34.7,3.3,25387,5,94510,18.8,357000,34.4,87.0,4.9,39.8,785,28,194.4,28,9878.0,18.7,34,0.54%,,-3.11%,92.8,85.1,87.3,93.3,96.5,565,3.99,0.10,0.65,0.56,2.68,30.69,7.15,21.09,2.45,0.07,326,8,53,46,219,2506,584,1722,200,6,49086,18.6,138977,0.54%,83.3,50.4
Los Angeles CA,Los Angeles,CA,California,Los Angeles,12750807,35.6,3.6,28072,6.3,6239690,18,920000,27.0,75.1,10.1,48.2,206,0,307,,12807.0,32,84,0.05%,-9.3,,77.6,52.6,78.1,78.5,78,3276,7.48,0.06,0.63,2.56,4.22,25.13,3.97,16.87,4.30,0.41,30126,258,2528,10327,17013,101267,15988,67963,17316,1654,62142,31.3,636583,0.05%,71.5,59.6
Louisville KY,Louisville,KY,Kentucky,Jefferson,1005654,37.6,3.13,29935,6,,15.9,239000,29.8,79.6,-1.7,29.2,448,94,177.1,246,12392.0,22.8,,-0.14%,-1.59,-2.72%,82.2,84.3,81.6,80.4,79,905,,,,,,,,,,,,,,,,,,,,,53436,22.7,158645,-0.14%,75.7,38.6
Lubbock TX,Lubbock,TX,Texas,Lubbock,267648,29.6,3.16,25634,3.7,145040,20.1,,33.4,85.5,1.5,34.4,358,132,250.9,67,10901.0,16.6,20,0.93%,-1.89,5.16%,98.6,86,93.1,100.2,94.9,741,9.97,0.05,0.93,1.72,7.27,45.63,8.98,31.97,4.67,0.22,2565,13,239,443,1870,11743,2312,8228,1203,57,50453,21.6,137823,0.93%,81.6,46.4
Lynchburg VA,Lynchburg,VA,Virginia,Lynchburg,126814,28.3,3.19,20819,5.8,103170,19.5,,30.3,80.5,-1.0,30.5,773,278,182.9,28,4465.3,17.4,21,1.06%,,-6.42%,84.7,76.4,103,94.4,92.5,647,3.37,0.10,0.40,0.50,2.37,19.94,2.22,15.66,2.06,0.13,275,8,33,41,193,1627,181,1278,168,11,46409,15.8,159625,1.06%,75,40.6
Madison WI,Madison,WI,Wisconsin,Dane,447245,31,2.87,32949,3.1,395290,16.9,335000,,,,,,,,,,19.6,40,0.71%,-2.81,-1.87%,105.4,109.1,99.3,118.8,104.2,1263,4.04,0.02,0.45,0.93,2.64,26.01,4.11,19.84,2.06,0.06,1043,5,116,240,682,6722,1061,5129,532,16,65332,30.1,246383,0.71%,,
Manchester NH,Manchester,NH,New Hampshire,Hillsborough,162877,36,3.01,31866,4.9,116910,14.1,340000,26.0,73.5,-6.3,22.0,329,293,228.3,32,11567.0,23.8,36,0.16%,-2.01,-1.11%,79.2,78.7,77,76.5,77.2,1315,5.93,0.04,0.58,1.29,4.02,25.83,2.99,21.38,1.46,0.19,661,4,65,144,448,2878,333,2382,163,21,60711,25.7,227598,0.16%,68.6,31.7
Manhattan KS,Manhattan,KS,Kansas,Riley,57046,24.5,3,20079,5.2,37920,26.3,,30.6,81.0,-3.9,25.8,543,147,202.3,11,12177.0,14.4,,-0.69%,-1.91,-1.10%,81.1,83.2,78.9,80.8,81.5,27545,,,,,,,,,,,,,,,,,,,,,50537,21.6,208508,-0.69%,77.3,36.4
Mankato MN,Mankato,MN,Minnesota,Blue Earth,62889,25.8,2.85,21463,4.2,53430,25,223000,25.8,73.3,-11.6,13.5,587,539,184.3,19,10899.0,16.5,,0.82%,-6.02,-3.53%,79.9,85.5,80.3,78,78.9,868,,,,,,,,,,,,,,,,,,,,,47924,19.3,180539,0.82%,69.6,23.5
Marietta GA,Marietta,GA,Georgia,Cobb,60867,34.9,3.06,32152,4.5,,14,385000,31.7,82.8,2.8,36.5,1065,66,167.3,76,11660.0,28.5,,0.36%,-1.43,-2.17%,79.8,82.5,81.2,80.7,79.4,1004,3.47,0.05,0.44,1.20,1.78,31.58,3.70,25.20,2.69,0.06,214,3,27,74,110,1948,228,1554,166,4,57452,26.2,287359,0.36%,79.5,46.9
Marshfield WI,Marshfield,WI,Wisconsin,Wood,18764,42.2,2.73,32392,2.7,,9.9,180000,,,,,,,,,,14.5,,0.97%,-3.24,,95.4,82.7,89,116.5,94,348,0.66,,0.49,,0.16,20.86,1.69,18.73,0.44,,12,,9,,3,382,31,343,8,,52615,22.5,141567,0.97%,,
Martinsville VA,Martinsville,VA,Virginia,Martinsville,31871,40.9,2.93,22126,6,,23.9,,30.4,80.7,-0.3,31.5,507,154,209.4,11,10945.0,19.4,,-0.58%,,-1.74%,,,,,,442,4.15,0.15,0.23,0.61,3.15,36.16,5.53,28.10,2.53,,54,2,3,8,41,471,72,366,33,,34371,11.4,88165,-0.58%,75.4,41.7
Mason City IA,Mason City,IA,Iowa,Cerro Gordo,26931,43.3,2.75,30644,5.1,,11.9,,25.5,72.7,-10.2,15.7,732,667,153.6,,13376.0,15.8,18,-0.50%,-9.71,-3.07%,80.7,85.9,79.5,81.1,81.1,374,,,,,,,,,,,,,,,,,,,,,50397,17.3,114334,-0.50%,69.5,25.2
McAllen TX,McAllen,TX,Texas,Hidalgo,804114,33.4,3.64,22302,6.3,263960,23,191000,36.3,90.0,13.2,53.1,323,3,240.6,42,9608.0,19.5,37,0.52%,0.26,-0.41%,83.1,62.5,101.9,71.9,79,841,0.85,,0.27,0.18,0.39,26.71,1.41,24.92,0.38,0.05,122,,39,26,57,3856,203,3598,55,7,46804,22,122688,0.52%,87.7,65
Memphis TN,Memphis,TN,Tennessee,Shelby,1066967,34,3.43,24836,8.7,,25.1,185000,31.1,81.8,2.7,36.3,315,11,217.9,232,12427.0,21.7,45,0.00%,-4.77,-0.20%,89.3,68.5,96.2,78,82.4,792,19.43,0.29,0.75,4.68,13.72,64.06,13.02,44.21,6.82,0.44,12674,186,491,3050,8947,41779,8494,28835,4450,288,41228,15.9,102333,0.00%,79.6,45.6
Miami FL,Miami,FL,Florida,Miami-Dade,6445545,40.1,3.4,21800,6,2642310,23.4,400000,30.1,80.1,19.6,63.4,416,0,129.4,1,9613.0,29.3,43,-1.03%,-7.3,-3.35%,78,70.8,79.8,80.8,79.5,5019,6.30,0.10,0.28,1.75,4.17,35.59,4.35,27.77,3.48,0.12,2978,46,131,828,1973,16837,2057,13136,1644,56,39049,17.9,317994,-1.03%,83.8,72.3
Middlesex NJ,Middlesex,NJ,New Jersey,Middlesex,13679,40.7,3.28,37062,4.2,,7,,27.6,76.2,-3.1,27.0,792,322,176.3,,,27,,0.21%,-4.85,,79.2,72.2,78.7,78.7,78.1,1514,,,,,,,,,,,,,,,,,,,,,75460,37.5,306880,0.21%,72.9,36.6
Midland TX,Midland,TX,Texas,Midland,154793,31.7,3.53,38279,3.3,110820,9.2,,34.5,87.1,4.0,38.4,295,83,263.7,48,8665.0,19.1,,2.72%,-8.56,-11.48%,89.7,82,105.2,92.4,106,758,2.88,0.04,0.43,0.42,1.99,19.73,2.70,15.05,1.98,0.11,403,5,60,59,279,2764,378,2108,278,16,79329,38.9,211772,2.72%,83.9,49.9
Milwaukee WI,Milwaukee,WI,Wisconsin,Milwaukee,1365787,31.5,3.38,25266,6.8,856800,25.4,180000,,,,,,,,,,22.2,41,-0.21%,-9.15,-0.29%,,,,,,2369,14.13,0.17,0.82,3.83,9.32,29.72,7.15,14.86,7.70,0.42,8416,99,489,2279,5549,17699,4259,8851,4589,251,41838,14.4,121544,-0.21%,,
Minneapolis MN,Minneapolis,MN,Minnesota,Hennepin,2977172,32.3,3.16,32905,5.1,,19.1,330000,25.9,73.4,-11.6,13.4,227,231,217.1,148,18026.0,23.2,44,1.11%,-3.48,-2.67%,78.9,79.3,80.5,78.8,77.8,3071,7.93,0.07,1.01,2.76,4.08,39.11,7.21,26.79,5.11,0.18,3395,31,432,1184,1748,16750,3089,11471,2190,76,62583,30.1,251821,1.11%,70,22.9
Minot ND,Minot,ND,North Dakota,Ward,49425,31.8,2.99,37154,2.7,,10.9,,25.9,73.4,-14.3,9.2,354,412,215.3,24,17532.0,18.5,33,-0.15%,-8.51,,78.2,80.3,82.2,77.4,79.7,671,2.74,,0.43,0.37,1.95,20.70,4.36,12.76,3.58,0.12,134,,21,18,95,1011,213,623,175,6,66194,28.4,208446,-0.15%,68.1,18.6
Mobile AL,Mobile,AL,Alabama,Mobile,315502,37.7,3.26,25083,6.2,175870,20.7,,32.6,84.1,8.1,44.9,999,3,175.2,60,4005.4,22.1,42,-0.57%,-2.19,1.53%,80,85.3,78.5,79.7,80,522,,,,,,,,,,,,,,,,,,,,,42321,17,123343,-0.57%,83.2,55.1
Monroe LA,Monroe,LA,Louisiana,Ouachita,112891,32.7,3.58,19064,8.5,76570,36.8,,33.3,85.3,5.4,40.6,902,11,192.5,35,11760.0,15.3,32,-1.08%,-6.69,-1.99%,80.5,82.4,82.9,83.6,82,623,14.02,0.08,0.58,3.04,10.31,67.88,15.51,48.83,3.54,0.29,677,4,28,147,498,3278,749,2358,171,14,30438,13.3,135955,-1.08%,82.3,50.7
Montgomery AL,Montgomery,AL,Alabama,Montgomery,254634,35.7,3.18,25725,6.8,163560,20.6,,32.8,84.4,5.3,40.5,558,13,190.6,1,1665.8,19.9,52,-0.19%,-2.95,-1.71%,80.1,83.7,79.2,83.2,81.6,479,6.12,0.15,0.20,1.97,3.81,42.69,10.33,27.46,4.89,,1216,29,39,391,757,8480,2052,5456,972,,48011,19,118995,-0.19%,81.2,50.9
Morgantown WV,Morgantown,WV,West Virginia,Monongalia,72458,24.6,3.01,15657,9.7,65370,32.7,,,,,,,,,16,12722.0,16.6,33,-0.64%,,3.48%,96,88.3,89.3,91.8,102.9,1181,2.66,,0.36,0.19,2.11,16.20,2.75,12.51,0.94,0.13,82,,11,6,65,500,85,386,29,4,42966,22.8,208943,-0.64%,,
Morristown TN,Morristown,TN,Tennessee,Hamblen,61171,37.8,3.17,19696,7.7,45090,26.6,252000,29.4,79.1,-0.4,31.4,788,253,156.8,15,9353.0,21,37,0.55%,-6.76,1.03%,91.7,71.5,101.9,87.5,96.4,426,8.10,,0.74,0.47,6.89,46.45,5.49,37.85,3.11,0.10,242,,22,14,206,1388,164,1131,93,3,32193,7.5,115839,0.55%,73.7,41.2
Moses Lake WA,Moses Lake,WA,Washington,Grant,39002,32.2,3.52,25940,6,,11.9,315000,28.9,78.3,-3.3,26.7,198,205,229.1,,11527.0,17.3,16,1.29%,3.71,,98,79.7,87.6,120.2,93.5,519,3.37,0.04,0.46,0.38,2.48,44.14,7.32,33.83,2.99,0.13,80,1,11,9,59,1049,174,804,71,3,51272,19.4,164393,1.29%,71.6,32.5
Mount Vernon WA,Mount Vernon,WA,Washington,Skagit,71422,35.3,3.26,28936,5.7,50000,14.3,533000,19.4,63.0,2.5,36.0,882,201,158.6,,11115.0,24.8,16,1.00%,,-5.71%,,,,,,1130,2.78,0.06,0.45,0.73,1.55,36.79,6.55,27.12,3.12,0.17,99,2,16,26,55,1308,233,964,111,6,62056,24,267446,1.00%,59.5,41.5
Muskogee OK,Muskogee,OK,Oklahoma,Muskogee,39789,36.2,2.98,23018,7.3,,24.6,148200,32.3,83.7,1.0,33.6,822,67,203.1,21,8847.0,17.1,,-0.59%,-9.24,-0.02%,80.7,86.5,80.7,82.5,83.4,331,10.01,0.03,0.85,1.75,7.38,40.79,12.59,24.54,3.66,0.16,377,1,32,66,278,1536,474,924,138,6,38194,14.3,90891,-0.59%,80.2,44
Nacogdoches TX,Nacogdoches,TX,Texas,Nacogdoches,34420,24.4,3.06,17191,11.3,,31,277000,34.5,87.3,5.5,40.9,892,11,179.2,22,8983.0,17.4,,-0.24%,-4.52,,89.7,79,104.8,94.5,106.4,460,3.03,0.09,0.39,0.86,1.69,29.05,5.90,22.22,0.92,0.03,102,3,13,29,57,979,199,749,31,1,36553,14.4,143238,-0.24%,83.3,51.7
Nashville TN,Nashville,TN,Tennessee,Davidson,1081903,34.2,3.07,32371,4.1,999030,15.1,387000,30.8,81.2,0.9,33.4,795,76,163.7,1,10706.5,25,43,0.57%,-6.66,-4.09%,,,,,,544,,,,,,,,,,,,,,,,,,,,,59828,26,239024,0.57%,77.8,42.8
New Haven CT,New Haven,CT,Connecticut,New Haven,564830,30.8,3.37,24458,9,284650,26.5,260000,25.6,72.9,-2.1,28.6,907,234,163.4,,19622.0,23.2,42,0.20%,-5.88,1.10%,77.8,74.1,74.4,76,76,2690,8.42,0.08,0.46,2.44,5.45,38.96,5.71,28.11,5.14,0.14,1105,10,60,320,715,5111,749,3688,674,18,42222,19.1,199734,0.20%,71.5,37.6
New Orleans LA,New Orleans,LA,Louisiana,Orleans,1020886,36.8,3.66,26095,7.9,557190,23.7,359000,31.7,82.7,10.7,49.1,238,0,217.2,,18605.0,24.2,44,-0.22%,-9.19,-1.33%,79.1,76.7,83.7,79.3,82.4,889,,,,,,,,,,,,,,,,,,,,,41604,20.9,231928,-0.22%,84,58.6
New York NY,New York,NY,New York,New York,18713220,36.7,3.37,32320,6.3,9655330,17.9,974000,26.9,75.1,-1.7,29.2,931,198,162.9,846,25257.0,41.5,47,-0.31%,-3.92,,75.2,35.3,75.9,77.9,74.5,10715,5.71,0.04,0.33,1.60,3.74,14.60,1.18,12.76,0.66,,47821,319,2770,13396,31336,122299,9846,106931,5522,,63998,33.2,605702,-0.31%,73.7,38.3
Newark NJ,Newark,NJ,New Jersey,Essex,282011,34.4,3.53,22236,11.3,,27.4,315000,27.0,75.1,-1.9,29.0,779,227,174.1,121,33467.0,35.2,,0.09%,,,78.8,68.3,78.5,79.3,77.9,4509,7.33,0.27,0.53,2.44,4.09,20.10,2.95,10.02,7.14,0.13,2069,75,150,689,1155,5674,832,2827,2015,38,35199,13.4,244651,0.09%,73.5,38
Norman OK,Norman,OK,Oklahoma,Cleveland,124880,30.9,2.91,27823,4.5,,17.6,228000,33.2,85.1,1.1,33.8,630,81,216.6,38,9043.0,22.5,,0.84%,3.06,-0.02%,81.5,84,80.9,81.1,81.6,269,2.70,0.02,0.63,0.45,1.59,27.82,4.29,20.65,2.87,0.03,336,3,79,56,198,3466,535,2573,358,4,58119,24.5,183297,0.84%,81.6,44.7
Oakland CA,Oakland,CA,California,Alameda,433031,36.5,3.36,36171,6.1,2472110,16.7,875000,22.4,67.9,7.7,44.3,77,0,308.5,179,12706.0,33.4,,0.93%,-6.17,-2.91%,73.7,55.4,75.4,75.4,75,2991,12.74,0.16,1.04,6.10,5.43,53.90,5.56,36.55,11.79,0.57,5480,70,448,2624,2338,23190,2394,15725,5071,245,73692,37.9,685844,0.93%,63.7,52.6
Odessa TX,Odessa,TX,Texas,Ector,155998,30.7,3.63,32439,6,81300,11.1,,34.4,87.0,4.1,38.6,300,95,262.5,48,7731.0,21.6,27,2.75%,,-1.77%,92.1,92,96.9,101.9,93.4,1052,8.77,0.07,0.99,0.87,6.85,25.06,4.22,17.76,3.09,0.07,1049,8,118,104,819,2996,504,2123,369,8,63847,28.2,145595,2.75%,83.8,50.1
Ogden UT,Ogden,UT,Utah,Weber,578523,31.8,3.45,27121,4.8,263230,17.2,350000,26.7,74.7,-4.8,24.3,281,629,222.4,1,9026.0,20.2,46,0.65%,0.76,0.15%,97.9,103.7,89.2,107,100.9,1230,4.76,0.06,0.84,0.92,2.93,36.73,5.71,26.47,4.55,0.11,417,5,74,81,257,3218,500,2319,399,10,50061,17,169186,0.65%,68.8,31.7
Oklahoma City OK,Oklahoma City,OK,Oklahoma,Oklahoma,972943,34.1,3.33,30647,4.3,627500,16.1,,33.2,85.1,0.6,33.0,634,90,217.1,,9016.0,21.4,46,1.10%,-3.14,-0.02%,81.6,85.6,81.1,81.4,82.3,417,8.67,0.08,0.83,1.66,6.11,40.28,9.19,25.53,5.56,0.10,5663,52,542,1082,3987,26298,6000,16668,3630,66,55557,24,156539,1.10%,81.7,44.1
Olympia WA,Olympia,WA,Washington,Thurston,200915,38.4,2.83,32875,5.3,113980,15.7,480000,24.2,70.8,1.0,33.6,941,135,161.2,9,11785.0,21.3,25,0.71%,-4.33,-6.36%,109.9,100.6,93.4,121.6,103.9,1119,4.70,0.02,0.73,0.96,3.00,38.61,6.12,28.16,4.34,0.23,246,1,38,50,157,2020,320,1473,227,12,59878,27.3,297839,0.71%,62.1,40.4
Omaha NE,Omaha,NE,Nebraska,Douglas,847819,34.5,3.2,32305,4.3,,13.4,240000,28.2,77.1,-7.0,20.7,572,245,195.7,174,12004.0,19.2,41,,,-3.10%,80.6,82.3,80.1,80.3,80.9,1309,5.60,0.05,0.86,0.97,3.72,34.76,3.94,24.17,6.65,,2628,22,403,456,1747,16314,1848,11343,3123,,60092,26.5,158851,,73.6,30.9
Orlando FL,Orlando,FL,Florida,Orange,1822394,33.8,3.25,28062,5.4,1291630,17.2,315000,32.4,83.9,12.4,51.9,860,0,144.2,210,9506.0,26.1,39,0.54%,-7.25,-2.86%,78.8,82.4,79.6,82.1,80.4,1003,7.96,0.14,0.70,2.19,4.94,48.15,5.65,38.25,4.25,0.05,2282,39,200,628,1415,13803,1619,10965,1219,13,51757,21.2,238013,0.54%,83,64.3
Palm Coast FL,Palm Coast,FL,Florida,Flagler,417007,49.4,3.09,26444,5,,12.3,320000,30.6,81.0,13.5,53.6,894,0,142.6,,9269.0,26.6,,2.44%,,,78.6,84.3,77,80.5,81.7,364,,,,,,,,,,,,,,,,,,,,,54360,19.3,209220,2.44%,82.2,64
Pensacola FL,Pensacola,FL,Florida,Escambia,346921,36.9,3.22,29042,5.6,177570,17.4,227000,32.0,83.2,9.6,47.3,577,0,194.6,59,8856.0,19.5,44,0.64%,-5.28,-3.36%,78.8,83.9,76.7,82.9,79,903,5.41,0.02,0.68,1.06,3.65,38.20,4.96,31.25,1.99,0.06,285,1,36,56,192,2012,261,1646,105,3,50493,21.9,182206,0.64%,83.3,57.1
Peoria IL,Peoria,IL,Illinois,Peoria,256286,35.2,3.2,29480,9.3,169890,19.7,,27.2,75.6,-5.3,23.5,438,180,196.3,46,9904.1,17,40,-0.93%,-9.26,1.51%,81,83.5,81.5,80.4,79.1,888,7.64,0.20,0.60,1.79,5.05,40.05,7.90,28.39,3.75,0.44,860,22,68,201,569,4509,890,3197,422,50,51771,22.5,125686,-0.93%,72.5,32.5
Philadelphia PA,Philadelphia,PA,Pennsylvania,Philadelphia,5649300,34.4,3.46,26211,9.2,,24.3,270000,28.6,77.8,-1.8,29.1,351,73,204.3,304,13550.5,33.6,48,0.03%,-11.39,-1.69%,76.7,75.1,78.5,79.3,78.9,4554,9.09,0.22,0.69,3.32,4.86,30.97,4.09,23.30,3.58,0.27,14420,351,1095,5262,7712,49145,6497,36968,5680,430,45927,20.4,160287,0.03%,75.2,38.7
Phoenix AZ,Phoenix,AZ,Arizona,Maricopa,4219697,33.8,3.55,30652,5.4,2121110,18,392000,39.3,94.9,9.2,46.7,128,1,312.1,22,12665.0,26.2,119,1.59%,0.93,-3.55%,80.3,81.1,77.8,80.9,80.9,1253,7.33,0.08,0.66,1.88,4.71,34.92,6.34,23.86,4.73,0.15,12110,132,1086,3112,7780,57732,10479,39438,7815,242,57459,25.5,233066,1.59%,92.3,58.7
Pierre SD,Pierre,SD,South Dakota,Hughes,14659,37.4,2.74,37292,3.3,,13.8,,29.5,79.2,-9.6,16.6,348,332,212.7,8,7853.0,9.8,14,-0.95%,-8.21,,100.9,115,91.4,98.2,92,410,4.98,,1.28,0.07,3.63,27.05,2.56,23.13,1.35,0.14,70,,18,1,51,380,36,325,19,2,62192,24.9,172695,-0.95%,74.9,26.2
Pittsburg KS,Pittsburg,KS,Kansas,Crawford,22711,25.9,3.09,18326,5.7,,27.3,,30.4,80.6,-1.4,29.8,834,149,190.1,7,10521.0,13.9,,-0.33%,-1.84,-1.10%,82,86,79.6,81.3,81.9,1588,,,,,,,,,,,,,,,,,,,,,34956,12,86413,-0.33%,77.5,40
Pittsburgh PA,Pittsburgh,PA,Pennsylvania,Allegheny,1703266,32.9,2.87,27419,5.6,1153620,20.5,231000,27.7,76.3,-4.3,25.1,684,299,147.7,147,19035.8,24.3,49,-0.09%,-4.98,-2.14%,78.5,81,78.5,81.5,81,2093,5.79,0.19,0.40,2.30,2.90,30.16,4.43,23.32,2.41,0.34,1751,57,121,696,877,9125,1341,7055,729,102,48711,21.8,126706,-0.09%,71.4,34.2
Pittsfield MA,Pittsfield,MA,Massachusetts,Berkshire,55697,44.4,2.85,29909,5.7,40850,13.4,,24.8,71.7,-7.5,19.9,900,1041,135.7,12,23138.0,16.9,36,-0.94%,-11.22,4.59%,76.8,76.1,81.6,78.2,79.3,402,8.42,0.07,1.02,0.83,6.50,28.28,10.97,15.63,1.68,0.19,356,3,43,35,275,1196,464,661,71,8,51411,22.6,175440,-0.94%,66.4,29.3
Plano TX,Plano,TX,Texas,Collin,287677,38.7,3.22,46418,3.7,,6.8,436000,34.2,86.8,4.8,39.7,842,29,199,101,10972.0,26.8,,-0.37%,3,,97.6,116.8,103.3,90.2,99.4,1549,1.39,0.02,0.27,0.39,0.72,17.09,2.31,13.49,1.29,0.06,402,5,77,112,208,4955,671,3911,373,16,95602,47.5,320171,-0.37%,84.4,50.1
Ponca City OK,Ponca City,OK,Oklahoma,Kay,24274,36.7,3.13,24572,6.6,,18.3,106000,32.6,84.2,-0.8,30.8,607,89,214.1,,8991.0,15.7,42,-0.99%,-1.85,-0.02%,80.8,86.3,80.1,82.2,80.9,496,7.02,0.04,1.29,1.12,4.57,39.52,12.67,25.43,1.41,0.37,169,1,31,27,110,951,305,612,34,9,44043,15,97584,-0.99%,80.9,41.8
Portland ME,Portland,ME,Maine,Cumberland,203969,36.8,2.9,33470,2.8,210180,14.6,450000,21.1,65.7,-4.8,24.3,557,298,196.2,16,15229.0,19.3,39,-0.29%,1.98,-5.52%,78.1,75,77.3,76.6,76.5,1894,2.87,0.03,0.73,0.73,1.37,24.27,2.52,20.45,1.30,0.16,192,2,49,49,92,1626,169,1370,87,11,60467,26.6,289150,-0.29%,64.8,33.2
Portland OR,Portland,OR,Oregon,Multnomah,2074775,37.1,3.02,35459,4.8,,13.7,535250,25.6,73.0,1.8,34.9,792,100,166.5,146,12581.2,26.5,37,0.60%,-8.46,-2.47%,77.5,63.7,82.4,77.7,77.4,1894,,,,,,,,,,,,,,,,,,,,,71005,34.5,411882,0.60%,65,41.9
Providence RI,Providence,RI,Rhode Island,Providence,1203230,30.6,3.52,22200,7.8,,25.5,350000,25.6,73.0,-3.3,26.7,593,199,186.6,59,18012.0,23.2,43,0.20%,-5.42,-2.98%,78.1,71.7,75.8,77.8,76.4,3773,4.55,0.06,0.60,1.38,2.51,31.52,5.17,23.29,3.06,0.06,819,10,109,248,452,5679,931,4196,552,10,45610,19.7,202477,0.20%,70.1,36.4
Provo UT,Provo,UT,Utah,Utah,500617,23.6,3.39,15450,4.6,254060,26.3,410000,27.1,75.4,-8.1,19.0,317,829,207.3,26,7497.0,18.5,45,-0.01%,5.82,0.83%,,,,,,1080,1.75,0.02,0.59,0.19,0.96,17.71,1.77,14.81,1.14,0.03,207,2,70,22,113,2090,209,1747,134,3,48888,18.4,271878,-0.01%,67.9,28.3
Pryor Creek OK,Pryor Creek,OK,Oklahoma,Mayes,9379,35.3,2.83,21770,7.9,,20.7,145000,,,,,,,,,8294.0,20.1,,-0.45%,-7.14,-0.02%,81.8,86.9,79.2,80.6,82.7,#N/A,7.04,,0.53,0.32,6.19,22.31,4.38,13.45,4.48,0.11,66,,5,3,58,209,41,126,42,1,45469,12,103148,-0.45%,,
Pueblo CO,Pueblo,CO,Colorado,Pueblo,143932,37.7,3.12,22900,8.4,61110,23.5,,31.1,81.7,-3.7,26.1,236,357,239.4,46,8118.0,19.3,19,0.57%,-11.41,5.77%,78.8,83.2,82.2,81.1,80.8,789,9.93,0.08,1.66,1.97,6.23,55.76,10.95,35.32,9.48,0.68,1110,9,185,220,696,6231,1224,3947,1060,76,40450,12.9,139367,0.57%,76.2,37.6
Raleigh NC,Raleigh,NC,North Carolina,Wake,1038738,33.6,3.12,35925,4.1,650330,12.6,376000,30.8,81.3,2.1,35.4,818,97,178.6,105,8256.0,24,40,1.01%,-0.74,0.90%,81.3,83,81.4,79.9,81.2,1254,,,,,,,,,,,,,,,,,,,,,67266,31.3,249119,1.01%,78.4,45.7
Reno NV,Reno,NV,Nevada,Washoe,445020,35.8,3.03,31399,5.4,243220,13.5,500000,27.4,75.8,-4.0,25.5,236,608,253.9,1,23791.0,20.3,46,2.18%,0.94,-3.35%,75.6,76.7,83.5,77.6,77.8,907,6.48,0.02,0.69,1.20,4.57,23.99,4.25,15.57,4.16,0.06,1636,6,174,303,1153,6053,1073,3930,1050,16,58790,26,332902,2.18%,67.5,34.3
Richmond IN,Richmond,IN,Indiana,Wayne,42373,38.9,2.92,21987,6.4,,20.3,40000,26.3,74.1,-4.2,25.3,603,238,166,10,8426.0,16,,-0.16%,-4.68,-2.68%,81.5,87,82.2,83.8,84,1484,,,,,,,,,,,,,,,,,,,,,39724,12.4,87939,-0.16%,71.1,33.9
Richmond VA,Richmond,VA,Virginia,Richmond,1075798,34,3.35,26454,6.5,656320,23.2,290000,31.3,82.0,0.1,32.2,771,183,189.5,111,1879.8,21.8,38,0.53%,-3.5,-1.74%,86.7,88.2,96.4,115.6,101.2,1484,5.18,0.23,0.33,1.86,2.75,38.30,4.88,28.35,5.08,0.22,1190,52,77,428,633,8807,1121,6518,1168,50,47250,21.5,229934,0.53%,78.2,42.7
Rio Rancho NM,Rio Rancho,NM,New Mexico,Sandoval,99178,38.4,3.24,31230,6.7,,9.5,288000,30.6,80.9,-2.1,28.6,177,229,246.6,,8961.0,27.7,,1.22%,,,80.3,83.1,81.5,80.1,81.9,370,2.02,0.04,0.18,0.30,1.50,16.38,2.44,12.26,1.67,,197,4,18,29,146,1595,238,1194,163,,66856,26.1,190227,1.22%,75.6,38.3
Roanoke VA,Roanoke,VA,Virginia,Roanoke,214674,38.5,3.11,25057,6.3,153860,20.8,,29.1,78.6,-1.7,29.2,636,290,195.7,46,6255.8,22.8,35,0.14%,,-1.74%,86.6,78.7,101.5,102.7,93,900,4.27,0.12,0.48,1.03,2.64,44.32,4.88,35.77,3.67,0.26,427,12,48,103,264,4434,488,3579,367,26,44230,14.7,135088,0.14%,72.6,39.1
Rochester NY,Rochester,NY,New York,Monroe,703952,32,3.2,22140,10.2,517670,31.3,172900,24.1,70.5,-5.1,23.8,748,697,122.4,112,26442.0,20.2,37,-0.15%,-3.62,-1.14%,80,82.5,80.3,80.4,79.2,2220,7.78,0.14,0.63,2.48,4.52,33.88,5.67,25.45,2.76,0.41,1615,29,131,516,939,7036,1178,5285,573,85,35590,12.4,82448,-0.15%,67.8,32.2
Rockford IL,Rockford,IL,Illinois,Winnebago,282762,37.2,3.11,24852,10.7,148380,22.3,135000,25.8,73.2,-7.9,19.4,721,398,162,49,18751.0,21.3,39,-0.44%,-11.42,-7.35%,81.2,84.6,82.1,78.6,80.7,873,13.86,0.16,0.91,2.37,10.43,36.72,8.00,25.66,3.06,0.44,2027,23,133,346,1525,5368,1169,3752,447,64,44252,15.4,91653,-0.44%,69.7,28.6
Round Rock TX,Round Rock,TX,Texas,Williamson,133372,34.3,3.67,37782,5.2,1073340,7,470000,34.3,86.9,6.8,42.9,665,8,198.6,,9658.0,26,,3.51%,8.42,-1.73%,92.8,93.8,103.8,95.3,93.8,1421,1.21,0.01,0.27,0.23,0.71,19.58,2.26,16.87,0.46,0.04,154,1,34,29,90,2494,288,2148,58,5,82676,39.5,244076,3.51%,83.8,53.8
Sacramento CA,Sacramento,CA,California,Sacramento,1898019,34.5,3.42,31574,7,1013730,16.6,470000,33.5,85.6,5.4,40.6,193,0,289.2,202,4613.5,26.2,60,-0.15%,-7.95,-3.64%,76.2,73.7,80.5,78.7,78,2029,6.57,0.07,0.20,2.07,4.22,30.41,5.43,19.29,5.69,0.29,3329,36,102,1052,2139,15417,2751,9783,2883,146,62335,28.9,336448,-0.15%,75.5,50.6
Salina KS,Salina,KS,Kansas,Saline,46550,37.6,3.14,28244,3.4,,12.2,,32.1,83.4,-3.4,26.6,475,187,226.3,13,8040.5,14.1,,-0.34%,-8.99,-1.10%,82.6,86.1,79,81.1,83,698,,,,,,,,,,,,,,,,,,,,,50490,18,128584,-0.34%,79.5,37.4
Salt Lake City UT,Salt Lake City,UT,Utah,Salt Lake,1098526,32.3,3.24,31245,3.6,734560,16.6,488254,27.3,75.7,-5.1,23.8,107,264,260.3,,10004.0,19.5,50,0.07%,-0.17,-2.58%,109.8,101.7,89.7,99.2,104.2,699,7.30,0.05,1.21,2.04,4.00,61.77,7.90,46.50,7.37,0.16,1480,10,245,414,811,12516,1601,9422,1493,32,60676,27.9,314540,0.07%,69.6,31.6
San Diego CA,San Diego,CA,California,San Diego,3220118,34.9,3.37,36609,5.8,1494940,12.8,764000,23.6,69.8,11.3,50.1,221,0,265.2,,11066.0,24.5,71,0.14%,-6.53,-5.07%,77.5,53.9,73.7,78.4,78.9,1686,3.73,0.02,0.42,1.00,2.28,19.09,2.61,12.87,3.61,0.13,5360,35,605,1439,3281,27416,3752,18482,5182,187,79673,39.7,602572,0.14%,68.7,59.8
San Francisco CA,San Francisco,CA,California,San Francisco,3592294,38.2,3.11,52677,4.2,2472110,10.3,1478000,22.1,67.3,7.8,44.4,164,0,283.1,,12975.0,33.8,45,0.25%,-1.96,-2.91%,73.9,28.8,74.7,74.7,73.9,7256,6.91,0.05,0.40,3.56,2.90,55.34,5.98,44.61,4.74,0.32,6144,46,354,3165,2579,49214,5322,39675,4217,288,112449,54.5,1098788,0.25%,63.4,52.6
San Juan PR,San Juan,PR,Puerto Rico,San Juan,323279,43.1,3.08,,16,653130,,,,,,,,,,,,25.9,27,-2.38%,,,120.7,85.3,156.7,69.3,95,3157,,,,,,,,,,,,,,,,,,,,,22552,9.2,152386,-2.38%,,
San Marcos TX,San Marcos,TX,Texas,Hays,76218,24.2,3.05,19726,7.5,,32.1,306725,34.2,86.8,7.3,43.6,683,7,187.5,,9586.0,22.1,,1.71%,,-1.73%,83.2,91.1,98,114.3,89.1,1532,,,,,,,,,,,,,,,,,,,,,40370,13.7,170074,1.71%,83.5,54.8
Sarasota FL,Sarasota,FL,Florida,Sarasota,722243,49.2,3,29362,4,303850,15.7,375000,31.1,81.7,14.7,55.6,887,0,158.8,67,12743.0,21.5,,0.93%,4.81,-3.59%,76.8,80.7,80.8,78.9,79.1,1528,5.84,0.05,0.38,1.42,3.98,32.52,5.22,24.98,2.32,0.19,337,3,22,82,230,1877,301,1442,134,11,53669,24.6,282954,0.93%,83.3,66.4
Savannah GA,Savannah,GA,Georgia,Chatham,276295,32.6,3.3,22934,8.6,178260,21.9,265000,31.9,83.0,8.1,45.0,747,2,187.9,48,12947.0,20.5,39,-0.93%,-7.96,2.01%,81.3,87.1,80.7,80.1,80.1,536,,,,,,,,,,,,,,,,,,,,,43307,16.4,151775,-0.93%,82.2,55.5
Scranton PA,Scranton,PA,Pennsylvania,Lackawanna,384250,37.2,3,21830,5.2,259700,23.2,,25.2,72.4,-6.1,22.2,566,559,176,18,9519.0,20.1,38,-0.47%,-7.81,-4.81%,79.6,83.3,78.7,83.3,80,1169,10.42,0.03,0.55,0.80,9.05,19.34,4.37,13.88,1.09,0.23,811,2,43,62,704,1505,340,1080,85,18,40608,13.5,103354,-0.47%,67.1,30.9
Seattle WA,Seattle,WA,Washington,King,3789215,35.3,2.84,49293,4.1,2020930,11,799925,23.2,69.1,1.9,35.0,132,24,243.6,43,15641.4,27.9,43,1.54%,0.94,-2.23%,127.1,212.5,111.1,123.5,136.9,3469,6.80,0.04,0.39,2.22,4.15,51.49,10.75,35.30,5.44,0.15,5052,32,292,1649,3079,38246,7985,26219,4042,109,92263,46.8,662981,1.54%,62.7,41.4
Seguin TX,Seguin,TX,Texas,Guadalupe,29992,35.1,3.29,24117,4.2,,18.1,310000,34.7,87.5,7.8,44.5,540,5,184.3,21,8669.0,19.1,,1.21%,,,87.3,75.9,96.3,92,95.1,304,,,,,,,,,,,,,,,,,,,,,49039,16.3,127344,1.21%,84.1,55.8
Sherman TX,Sherman,TX,Texas,Grayson,70704,34.8,3.43,25533,3.7,46830,16.1,255950,33.4,85.4,3.5,37.7,807,48,200.2,12,8450.0,20.8,,2.37%,,-6.18%,,,,,,372,3.46,,0.68,0.66,2.12,25.16,5.28,18.33,1.55,0.12,147,,29,28,90,1068,224,778,66,5,47397,17.3,130589,2.37%,82.6,48.2
Shreveport LA,Shreveport,LA,Louisiana,Caddo,280062,35.7,3.3,22328,6.8,174830,25.7,170000,34.8,87.7,5.0,40.1,293,3,238.2,59,12562.0,19.1,38,-1.19%,-6.91,6.96%,79.8,84.2,85.1,81,80.5,672,8.32,0.26,0.64,1.76,5.67,51.80,9.60,37.95,4.25,0.55,1588,49,123,335,1081,9884,1832,7241,811,104,39090,16.6,145114,-1.19%,84.1,50.5
Slidell LA,Slidell,LA,Louisiana,St. Taany,93040,36.7,3.37,27480,7,,15.1,243000,32.5,84.0,9.0,46.3,782,5,163.5,28,11594.0,26.2,,-0.49%,2.08,,80.3,81.8,81.4,81.5,81.2,695,3.11,0.11,0.39,0.61,2.00,29.14,4.11,23.59,1.43,,87,3,11,17,56,815,115,660,40,,54906,23,161925,-0.49%,83.5,56.2
South Bend IN,South Bend,IN,Indiana,St. Joseph,280498,33.3,3.39,23996,6.3,,23.6,,25.6,73.0,-5.3,23.5,643,404,134.8,,12298.0,20.1,43,0.05%,-5.16,-2.68%,81.9,80,81.8,80.6,80.3,938,,,,,,,,,,,,,,,,,,,,,40265,14,85054,0.05%,69.8,31.9
Spokane WA,Spokane,WA,Washington,Spokane,412275,36.2,2.94,27723,5.9,240280,17.3,378000,26.4,74.3,-4.9,24.2,430,961,183.2,19,8783.3,21,41,1.76%,-9.56,1.45%,96.6,96.4,91.1,114.7,100.2,1247,7.98,0.04,1.61,1.36,4.98,70.75,9.76,53.30,7.69,0.21,1742,8,351,297,1086,15439,2130,11631,1678,45,50306,18.9,187683,1.76%,67,30.4
Springfield MO,Springfield,MO,Missouri,Greene,288090,33.1,2.76,22678,4.9,209610,22.9,,30.8,81.2,-1.9,29.0,963,227,161.9,64,9703.0,18.2,37,0.20%,0.49,-3.82%,80.4,86.1,82.5,79.5,81.7,1860,13.16,0.09,1.98,1.75,9.34,70.19,11.72,49.75,8.72,0.33,2218,16,333,295,1574,11830,1975,8385,1470,55,36856,10.5,118166,0.20%,77.2,39.2
St. Cloud MN,St. Cloud,MN,Minnesota,Stearns,115028,30.9,3.01,25033,7.2,104500,22.5,199950,,,,,,,,,12346.0,18.4,33,0.41%,-3.07,,76.6,84.8,80,75.3,78.3,660,3.84,0.01,0.82,0.72,2.28,37.71,4.35,30.59,2.77,0.15,262,1,56,49,156,2575,297,2089,189,10,49135,18.8,155687,0.41%,,
St. George UT,St. George,UT,Utah,Washington,120899,37.2,3.22,26529,3.7,68120,13,569000,,,,,,,,,8070.0,15.1,44,2.84%,8.7,,109.8,94.5,102.1,91.4,101,449,2.27,0.03,0.56,0.22,1.46,16.10,2.64,12.17,1.29,0.08,196,3,48,19,126,1388,228,1049,111,7,58259,23.2,287022,2.84%,,
St. Louis MO,St. Louis,MO,Missouri,St. Louis,2024074,35.8,3.07,28186,7,,21.8,,,,,,,,,,,24.4,54,-0.94%,-2.78,,79.6,86.1,79.5,81.1,81.7,1879,18.00,0.61,1.01,4.73,11.66,59.12,9.71,40.45,8.96,0.61,5525,187,309,1452,3577,18142,2979,12413,2750,188,43896,18.1,135770,-0.94%,,
St. Paul MN,St. Paul,MN,Minnesota,Ramsey,308096,32,3.5,30456,5,,18.9,275500,,,,,,,,,16770.0,24.3,,0.37%,-6.5,,79.2,79.2,80.8,78.6,77.8,2288,6.27,0.05,0.89,1.81,3.52,32.55,6.16,18.97,7.41,0.36,1941,15,277,560,1089,10082,1909,5877,2296,110,57876,25.6,207633,0.37%,,
Stamford CT,Stamford,CT,Connecticut,Fairfield,129638,36.9,3.21,42669,6.3,413900,9.2,528000,25.9,73.4,-1.5,29.5,964,220,167,41,19508.0,28.2,,-0.13%,-3.43,0.95%,77.3,59.5,77.1,76.2,74.9,1330,1.65,0.02,0.16,0.48,0.98,16.06,1.73,12.54,1.80,0.04,218,3,21,64,130,2120,228,1655,237,5,93059,47.1,532588,-0.13%,72.5,38.2
Statesboro GA,Statesboro,GA,Georgia,Bulloch,42102,22.3,2.93,12211,12.3,,41.8,187000,31.7,82.7,6.0,41.5,434,2,194.7,12,8899.0,17.9,,4.13%,0.34,,81.4,85.9,80.7,83.8,82.1,854,3.46,0.09,0.41,1.16,1.79,26.56,5.00,20.46,1.10,0.22,110,3,13,37,57,845,159,651,35,7,29203,8.4,111653,4.13%,80.7,52.3
Staunton VA,Staunton,VA,Virginia,Staunton,59433,42.8,2.81,29164,3.7,48680,11.1,,27.5,75.9,-3.0,27.3,596,366,194.3,15,3462.8,21.6,,1.51%,,-1.74%,,,,,,483,1.87,0.04,0.28,0.45,1.10,24.73,2.56,21.27,0.89,0.12,46,1,7,11,27,608,63,523,22,3,52611,21.6,170931,1.51%,70.7,37.2
Stockton CA,Stockton,CA,California,San Joaquin,397264,33,3.77,26059,8.8,252850,17.9,425000,33.3,85.2,5.3,40.5,288,0,292.3,115,4354.9,31.1,49,0.34%,-6.79,-0.60%,75.3,73,72.9,79.5,79.2,1941,14.00,0.11,0.62,3.85,9.43,37.68,7.44,23.68,6.56,0.61,4383,33,193,1205,2952,11800,2329,7417,2054,191,54614,23.7,273355,0.34%,75.2,51
Surprise AZ,Surprise,AZ,Arizona,Maricopa,141664,41.4,3.21,34333,5.8,,7.3,410000,38.3,93.3,8.3,45.3,219,0,287.2,29,6782.0,30.4,,2.87%,0.93,,80.7,82.5,72.2,83.2,81,506,1.21,0.05,0.15,0.27,0.73,15.39,1.75,12.24,1.41,0.04,165,7,21,37,100,2103,239,1672,192,5,69076,28.5,239034,2.87%,90.4,57.4
Tacoma WA,Tacoma,WA,Washington,Pierce,217827,35.7,3.17,33235,5.2,2020930,14.6,444975,24.1,70.6,1.5,34.3,764,128,166.2,117,12309.0,30.1,,0.79%,-5.45,-2.23%,112.1,111.2,91.4,124.2,119.4,1690,8.67,0.08,0.92,2.33,5.34,52.68,8.86,35.11,8.70,0.42,1869,17,198,503,1151,11362,1912,7573,1877,90,62358,27.3,277902,0.79%,62.9,41.2
Tallahassee FL,Tallahassee,FL,Florida,Leon,257601,26.9,3.06,24348,8,174700,26.4,231000,32.5,84.1,7.9,44.6,957,0,158.6,61,10195.0,18.7,41,0.90%,-7.17,1.81%,77.9,81.7,82.6,80.2,80.4,747,7.30,0.08,1.11,1.60,4.51,45.18,7.17,34.03,3.99,0.03,1404,16,213,307,868,8695,1379,6549,767,6,45734,19.1,203834,0.90%,82.1,56.2
Tampa FL,Tampa,FL,Florida,Hillsborough,2908063,35.7,3.28,28985,6.3,1336000,18.6,345000,32.0,83.2,13.4,53.4,835,0,162.6,173,9310.0,24.6,44,0.62%,-1.57,0.00%,79.3,85.7,82.5,80.9,81,1353,4.07,0.07,0.25,0.84,2.90,16.74,2.66,12.90,1.17,0.10,1598,27,100,332,1139,6576,1047,5069,460,41,53833,26.6,237682,0.62%,83.8,64.9
Temple TX,Temple,TX,Texas,Bell,107258,34.2,3.32,28273,5.5,141020,16.1,263300,,,,,,,,29,11741.0,18.9,,2.99%,1.92,0.04%,78.1,71.3,101.9,109.4,90.5,429,3.12,0.16,0.92,0.67,1.36,25.63,4.52,18.60,2.51,0.12,236,12,70,51,103,1940,342,1408,190,9,54873,20.2,142111,2.99%,,
Terre Haute IN,Terre Haute,IN,Indiana,Vigo,92490,32.5,2.99,19360,9,65990,26.4,,27.7,76.3,-3.6,26.3,874,220,166.7,,10119.0,17.6,40,-0.25%,-4.49,-2.68%,80.6,86.5,80.9,80.3,80.5,677,,,,,,,,,,,,,,,,,,,,,36406,10.6,78334,-0.25%,73.2,35.2
Texarkana TX,Texarkana,TX,Texas,Bowie,77964,36,3.2,25992,8.5,,21.7,212000,,,,,,,,21,8933.0,17.3,36,,-4.61,-9.00%,,,,,,482,4.56,0.08,0.75,1.20,2.54,51.09,9.29,38.09,3.71,0.43,171,3,28,45,95,1914,348,1427,139,16,45080,19.6,130839,,,
Thibodaux LA,Thibodaux,LA,Louisiana,Lafourche,14425,30.6,3.19,23479,6.1,85070,21.8,,31.9,83.0,9.5,47.3,645,0,167.9,16,10955.0,26,,-0.87%,-5.63,8.36%,79,85.8,80,83.2,78.6,908,4.61,0.20,0.20,0.81,3.39,36.22,2.98,31.88,1.36,0.07,68,3,3,12,50,534,44,470,20,1,38269,17.7,173715,-0.87%,82.3,57.3
Thomasville NC,Thomasville,NC,North Carolina,Davidson,26649,39.3,3,24801,6.3,,19.7,174000,31.0,81.6,1.0,33.6,732,157,194.4,15,10351.0,23.6,,0.15%,-7.75,,79.8,86,81.1,76.4,80.4,613,,,,,,,,,,,,,,,,,,,,,40648,9.4,115923,0.15%,77.5,43.6
Topeka KS,Topeka,KS,Kansas,Shawnee,147458,37.7,3.04,29319,4.7,109820,14.4,,30.0,79.9,-3.7,26.1,605,165,209.9,43,9341.8,17.2,39,-0.37%,0.2,-1.10%,80.6,84.2,79.9,81.3,81.2,787,6.06,0.11,0.66,2.01,3.28,51.90,7.70,38.38,5.82,0.06,766,14,84,254,414,6560,973,4851,736,7,47999,17,102306,-0.37%,76.5,36.5
Tucson AZ,Tucson,AZ,Arizona,Pima,888486,33.7,3.19,24102,7.8,376420,22.5,305000,35.0,88.0,6.5,42.3,202,2,283.4,14,8935.9,22.5,53,0.59%,-8.75,-5.53%,79.5,83.9,79.6,80.3,80.3,889,7.37,0.09,0.94,2.28,4.06,49.54,6.06,38.70,4.78,0.29,3958,47,504,1224,2183,26623,3257,20798,2568,158,43425,15,150443,0.59%,84.8,55
Tulsa OK,Tulsa,OK,Oklahoma,Tulsa,671033,35.1,3.18,27623,6.3,444400,19.4,208000,31.9,83.0,0.7,33.1,515,47,217.1,1,8315.5,18.6,43,0.19%,-5.23,0.88%,81,87.1,80.4,81.7,80.3,784,10.65,0.15,1.05,2.06,7.40,54.31,11.91,34.32,8.08,0.55,4294,60,422,830,2982,21893,4800,13834,3259,223,47650,20.1,137832,0.19%,80,43.7
Tupelo MS,Tupelo,MS,Mississippi,Lee,45466,35.5,3.18,26499,5.3,,15.6,,32.2,83.6,3.0,36.9,815,30,176.7,18,9225.0,18.8,35,0.16%,-3.49,,82.9,86.3,82.7,81.7,81,229,,,,,,,,,,,,,,,,,,,,,50694,17.5,144931,0.16%,80,46.7
Twin Falls ID,Twin Falls,ID,Idaho,Twin Falls,55556,33.3,3.19,25812,3,46550,14.8,335000,29.6,79.3,-4.0,25.7,236,440,233.8,,6353.0,16.9,18,0.97%,-5.58,12.68%,81.9,83.7,82.5,80.7,80.8,1008,4.51,,0.78,0.14,3.59,23.64,3.81,18.27,1.56,0.14,225,,39,7,179,1180,190,912,78,7,50739,16.1,161274,0.97%,72.1,32.5
Tyler TX,Tyler,TX,Texas,Smith,143796,33.7,3.46,26511,5.5,103180,17.5,363000,34.0,86.4,5.0,40.0,654,27,190.8,40,9721.0,20.9,33,1.25%,,-1.17%,92.6,77.7,107.3,95.5,95.4,718,3.88,0.07,0.67,0.77,2.37,29.51,3.64,24.45,1.42,0.01,412,7,71,82,252,3133,386,2596,151,1,52932,22,159680,1.25%,82.9,50.6
Utica NY,Utica,NY,New York,Oneida,112650,34,3.35,22156,8.2,128180,29.4,150000,24.0,70.5,-7.5,20.0,988,1209,111.7,16,18897.0,17.2,16,-0.48%,-8.59,2.78%,80.9,83.7,80.6,79.9,80.5,1376,6.31,0.10,0.74,1.46,4.01,31.68,5.43,24.70,1.56,0.28,381,6,45,88,242,1914,328,1492,94,17,37760,13.9,96506,-0.48%,65.4,28.6
Valdosta GA,Valdosta,GA,Georgia,Lowndes,79820,28.5,3.4,21564,6.9,52810,32.2,156000,32.5,84.0,7.5,44.0,336,0,199.4,18,16359.7,18.7,30,0.05%,-3.73,0.49%,79.3,84.5,80.6,79.8,80.8,606,,,,,,,,,,,,,,,,,,,,,32595,11.7,120926,0.05%,81.6,55.7
Vero Beach FL,Vero Beach,FL,Florida,Indian River,17503,53.4,3.23,28002,5,52950,11.2,315000,30.3,80.5,16.6,58.5,334,0,157.3,,9454.0,16.5,,1.75%,0.33,1.93%,78.4,82.7,77.2,78.5,80,590,1.98,0.17,0.41,0.47,0.93,24.17,4.13,19.33,0.70,,34,3,7,8,16,415,71,332,12,,48844,24.9,261524,1.75%,82.2,68.5
Waco TX,Waco,TX,Texas,McLennan,192315,28.7,3.28,21736,4.8,117870,26.2,257000,34.4,87.0,5.8,41.3,677,11,205,53,10028.0,17.3,38,0.98%,-0.71,3.55%,80.4,85,100.6,96.6,94.2,605,,,,,,,,,,,,,,,,,,,,,40190,15.8,122106,0.98%,84.1,52.2
Washington DC,Washington,DC,District of Columbia,District of Columbia,5379184,34,3.32,49542,6.9,,16.2,,29.7,79.6,-0.8,30.8,664,160,191.3,229,28494.0,30.8,43,0.60%,,,76.6,46.5,76.9,80,74.5,4457,9.41,0.23,0.63,3.07,5.48,42.70,2.54,36.53,3.63,,6613,160,445,2157,3851,29993,1786,25658,2549,,86420,44.6,600200,0.60%,76.3,40.5
Waterloo IA,Waterloo,IA,Iowa,Black Hawk,111631,36.8,3.03,27357,5.7,88610,17.4,,26.0,73.6,-8.9,17.8,718,387,178.9,16,12346.0,16.1,37,-0.58%,-3.09,5.20%,82.1,82.3,81.7,81.3,79.7,423,,,,,,,,,,,,,,,,,,,,,47327,17,117176,-0.58%,70.3,27.2
Wenatchee WA,Wenatchee,WA,Washington,Chelan,72350,35.5,3.42,27489,3.2,48020,14.1,480000,26.2,73.9,-5.8,22.8,287,375,220.5,4,10141.0,17.1,21,,-5.76,-9.55%,108.3,121.3,77.4,120.3,105.6,1312,2.93,,0.59,0.50,1.84,24.91,2.84,20.43,1.64,0.15,100,,20,17,63,851,97,698,56,5,53167,21.1,254788,,65,29.5
Westminster CO,Westminster,CO,Colorado,Adams,113166,36.6,3.15,39243,4,,7.2,476000,29.8,79.6,-5.6,23.1,277,795,204,36,9727.0,27.2,,-0.05%,-4.12,-0.87%,80.5,69.9,84.1,79.6,80.6,1383,2.80,0.07,0.40,0.70,1.62,32.25,2.93,23.26,6.07,0.21,318,8,46,80,184,3669,333,2646,690,24,76142,36.6,340468,-0.05%,72.1,34.9
Wichita Falls TX,Wichita Falls,TX,Texas,Wichita,104683,33.1,3.06,24747,5.1,57080,18.4,180000,35.4,88.6,2.8,36.4,539,67,239.3,,8177.0,14.4,,0.31%,,1.44%,87.5,67.6,103.5,86.3,86,561,3.69,0.05,0.74,1.33,1.58,30.88,5.75,22.73,2.40,0.01,387,5,78,139,165,3234,602,2381,251,1,47476,18.4,102353,0.31%,85.2,48.1
Wichita KS,Wichita,KS,Kansas,Sedgwick,482249,35,3.25,29154,5.6,303290,15.9,,32.5,84.0,-2.2,28.5,402,95,234.9,98,12674.0,18.6,41,0.18%,,-1.10%,81.2,86.3,79.6,80.5,79.8,931,11.80,0.10,0.96,1.46,9.28,56.19,8.71,40.40,7.08,0.35,4622,38,378,572,3634,22011,3412,15826,2773,139,52620,21.5,131975,0.18%,80.6,39.7
Wilmington DE,Wilmington,DE,Delaware,New Castle,70166,35.6,3.37,28553,8.4,,26,256600,28.0,76.9,-1.9,29.0,903,306,158.9,54,14572.5,22.9,,-0.41%,-5.83,,77.7,77.5,80.2,77.9,77,929,15.44,0.32,0.20,5.03,9.89,49.22,7.97,34.89,6.35,0.06,1099,23,14,358,704,3502,567,2483,452,4,45032,19.8,164977,-0.41%,74.2,38.3
Wilmington NC,Wilmington,NC,North Carolina,New Hanover,255616,36,2.94,25561,5.7,132490,22.2,,30.2,80.3,6.0,41.7,1052,21,156.3,46,8949.0,18.6,31,0.92%,0.19,-2.26%,80.1,83.7,80.9,76.5,79.4,929,,,,,,,,,,,,,,,,,,,,,47580,21,246186,0.92%,80.3,51.9
Yakima WA,Yakima,WA,Washington,Yakima,133191,33.8,3.34,24747,6.3,93570,20.4,,28.4,77.4,-2.8,27.6,138,198,246.1,4,17315.0,17.3,35,0.10%,-9.33,5.52%,101.1,76.7,84.8,114.3,100.5,1300,4.48,0.17,0.52,1.29,2.50,35.58,6.65,23.54,5.39,0.24,421,16,49,121,235,3343,625,2212,506,23,44950,15.9,174663,0.10%,70.2,34.3
Yuma AZ,Yuma,AZ,Arizona,Yuma,142847,31.8,3.19,26430,9.9,61940,18.3,,40.2,96.3,10.9,49.4,71,0,320.6,2,6078.0,15.8,44,0.65%,-6.37,-5.01%,79.9,83.9,75.1,80.6,82.3,313,5.11,0.09,0.38,0.57,4.06,21.23,4.23,14.74,2.26,0.19,491,9,37,55,390,2041,407,1417,217,18,47998,17.7,136397,0.65%,93.5,61.8